id_play,quarter,game_clock,dribble,threept,player_id,x,y,speed,team
93077,1,680.88,1,1,ball,25.51623,11.92743,NA,ball
93077,1,680.88,1,1,shooter,25.94406,11.73578,4.635967058,off
93077,1,680.88,1,1,off1,14.83673,1.53336,NA,off
93077,1,680.88,1,1,off2,28.67697,40.97999,NA,off
93077,1,680.88,1,1,off3,5.15659,6.99852,NA,off
93077,1,680.88,1,1,off4,16.06194,44.83964,NA,off
93077,1,680.88,1,1,def1,13.82802,12.62237,NA,def
93077,1,680.88,1,1,def2,23.62568,14.20491,NA,def
93077,1,680.88,1,1,def3,18.89399,31.3131,NA,def
93077,1,680.88,1,1,def4,8.58958,33.07449,NA,def
93077,1,680.88,1,1,def5,7.10733,16.5583,NA,def
110877,1,663.08,0,1,ball,24.45447,37.234,NA,ball
110877,1,663.08,0,1,shooter,25.87413,37.77929,1.251995332,off
110877,1,663.08,0,1,off1,10.53832,35.54796,NA,off
110877,1,663.08,0,1,off2,2.58319,46.01962,NA,off
110877,1,663.08,0,1,off3,15.5086,44.30802,NA,off
110877,1,663.08,0,1,off4,4.70232,26.02442,NA,off
110877,1,663.08,0,1,def1,23.02079,33.99114,NA,def
110877,1,663.08,0,1,def2,18.10193,18.64228,NA,def
110877,1,663.08,0,1,def3,12.64408,14.3701,NA,def
110877,1,663.08,0,1,def4,11.22728,38.85885,NA,def
110877,1,663.08,0,1,def5,6.37027,26.17069,NA,def
128757,1,645.2,1,0,ball,21.93691,18.37606,NA,ball
128757,1,645.2,1,0,shooter,22.11189,18.41206,1.553520402,off
128757,1,645.2,1,0,off1,7.25106,0.98968,NA,off
128757,1,645.2,1,0,off2,31.72646,39.993,NA,off
128757,1,645.2,1,0,off3,15.01786,16.27716,NA,off
128757,1,645.2,1,0,off4,9.70486,47.97212,NA,off
128757,1,645.2,1,0,def1,9.58895,14.60217,NA,def
128757,1,645.2,1,0,def2,17.0141,25.72701,NA,def
128757,1,645.2,1,0,def3,18.2161,19.87943,NA,def
128757,1,645.2,1,0,def4,8.50533,33.43967,NA,def
128757,1,645.2,1,0,def5,11.21423,19.31905,NA,def
180356,1,611.6,1,0,ball,24.44993,21.31739,NA,ball
180356,1,611.6,1,0,shooter,24.91988,21.38639,1.339800382,off
180356,1,611.6,1,0,off1,6.35876,48.18921,NA,off
180356,1,611.6,1,0,off2,14.45045,1.7105,NA,off
180356,1,611.6,1,0,off3,27.33094,41.9919,NA,off
180356,1,611.6,1,0,off4,5.98874,6.88434,NA,off
180356,1,611.6,1,0,def1,8.01494,36.6512,NA,def
180356,1,611.6,1,0,def2,18.33848,25.79689,NA,def
180356,1,611.6,1,0,def3,11.28937,10.07969,NA,def
180356,1,611.6,1,0,def4,20.0015,20.32118,NA,def
180356,1,611.6,1,0,def5,11.4483,21.27116,NA,def
188156,1,603.8,1,0,ball,5.271,22.42697,NA,ball
188156,1,603.8,1,0,shooter,5.35417,24.35855,15.73885785,off
188156,1,603.8,1,0,off1,16.79089,2.78102,NA,off
188156,1,603.8,1,0,off2,4.23338,48.08264,NA,off
188156,1,603.8,1,0,off3,9.44689,28.33433,NA,off
188156,1,603.8,1,0,off4,19.36128,25.88631,NA,off
188156,1,603.8,1,0,def1,8.91951,20.04123,NA,def
188156,1,603.8,1,0,def2,10.08944,38.95466,NA,def
188156,1,603.8,1,0,def3,8.6643,27.837,NA,def
188156,1,603.8,1,0,def4,14.64765,24.30094,NA,def
188156,1,603.8,1,0,def5,7.57132,24.6778,NA,def
201475,1,590.48,1,0,ball,10.34287,31.57321,NA,ball
201475,1,590.48,1,0,shooter,10.61197,31.74774,7.816989748,off
201475,1,590.48,1,0,off1,3.97251,12.95695,NA,off
201475,1,590.48,1,0,off2,4.02123,30.76814,NA,off
201475,1,590.48,1,0,off3,50.09257,18.13379,NA,off
201475,1,590.48,1,0,off4,79.40196,26.83088,NA,off
201475,1,590.48,1,0,def1,8.80249,42.36718,NA,def
201475,1,590.48,1,0,def2,53.22578,31.03306,NA,def
201475,1,590.48,1,0,def3,17.22919,29.34476,NA,def
201475,1,590.48,1,0,def4,13.40483,24.02561,NA,def
201475,1,590.48,1,0,def5,7.2448,27.56984,NA,def
223635,1,568.32,0,1,ball,19.24023,43.13567,NA,ball
223635,1,568.32,0,1,shooter,20.60337,44.04374,1.706530165,off
223635,1,568.32,0,1,off1,34.63406,19.20374,NA,off
223635,1,568.32,0,1,off2,0.38354,18.54115,NA,off
223635,1,568.32,0,1,off3,5.50399,16.90208,NA,off
223635,1,568.32,0,1,off4,4.41206,43.11555,NA,off
223635,1,568.32,0,1,def1,12.6572,42.22485,NA,def
223635,1,568.32,0,1,def2,4.83618,22.02818,NA,def
223635,1,568.32,0,1,def3,20.25517,23.17317,NA,def
223635,1,568.32,0,1,def4,3.2779,21.21041,NA,def
223635,1,568.32,0,1,def5,5.38432,35.94248,NA,def
312233,1,542.72,1,0,ball,8.31484,36.63837,NA,ball
312233,1,542.72,1,0,shooter,8.59702,37.52981,7.518437126,off
312233,1,542.72,1,0,off1,31.42425,19.40215,NA,off
312233,1,542.72,1,0,off2,5.48438,5.27723,NA,off
312233,1,542.72,1,0,off3,12.87167,30.50523,NA,off
312233,1,542.72,1,0,off4,17.85361,4.12201,NA,off
312233,1,542.72,1,0,def1,17.24575,25.93371,NA,def
312233,1,542.72,1,0,def2,4.68527,17.81802,NA,def
312233,1,542.72,1,0,def3,11.83407,37.7435,NA,def
312233,1,542.72,1,0,def4,11.62652,17.07373,NA,def
312233,1,542.72,1,0,def5,8.86432,33.50213,NA,def
324474,1,530.48,1,0,ball,18.15115,23.12382,NA,ball
324474,1,530.48,1,0,shooter,16.69069,23.72622,3.367677809,off
324474,1,530.48,1,0,off1,33.60488,10.85662,NA,off
324474,1,530.48,1,0,off2,22.52351,44.39482,NA,off
324474,1,530.48,1,0,off3,13.32983,1.36261,NA,off
324474,1,530.48,1,0,off4,9.26806,37.4594,NA,off
324474,1,530.48,1,0,def1,8.86933,13.78812,NA,def
324474,1,530.48,1,0,def2,20.53932,40.26283,NA,def
324474,1,530.48,1,0,def3,16.73083,25.22989,NA,def
324474,1,530.48,1,0,def4,19.62129,16.61513,NA,def
324474,1,530.48,1,0,def5,8.85094,30.88105,NA,def
335913,1,519.04,0,1,ball,24.83786,12.41584,NA,ball
335913,1,519.04,0,1,shooter,25.76516,11.51326,1.851017444,off
335913,1,519.04,0,1,off1,12.12181,47.52835,NA,off
335913,1,519.04,0,1,off2,4.69226,30.29005,NA,off
335913,1,519.04,0,1,off3,28.64597,31.18863,NA,off
335913,1,519.04,0,1,off4,10.59963,17.75512,NA,off
335913,1,519.04,0,1,def1,9.29744,38.65028,NA,def
335913,1,519.04,0,1,def2,7.09931,21.33898,NA,def
335913,1,519.04,0,1,def3,21.86314,30.94395,NA,def
335913,1,519.04,0,1,def4,10.68464,19.37091,NA,def
335913,1,519.04,0,1,def5,21.34725,15.09387,NA,def
371192,1,501.76,0,0,ball,20.51188,16.22132,NA,ball
371192,1,501.76,0,0,shooter,20.27593,15.80289,0.334456018,off
371192,1,501.76,0,0,off1,41.24929,28.59782,NA,off
371192,1,501.76,0,0,off2,5.89802,2.54157,NA,off
371192,1,501.76,0,0,off3,3.8003,48.7849,NA,off
371192,1,501.76,0,0,off4,34.54845,39.20401,NA,off
371192,1,501.76,0,0,def1,27.41013,25.3314,NA,def
371192,1,501.76,0,0,def2,6.62178,37.85982,NA,def
371192,1,501.76,0,0,def3,6.56308,12.48863,NA,def
371192,1,501.76,0,0,def4,18.02894,32.02068,NA,def
371192,1,501.76,0,0,def5,16.53606,18.88743,NA,def
382512,1,490.44,0,0,ball,4.9997,25.60136,NA,ball
382512,1,490.44,0,0,shooter,4.82731,25.36237,7.781805033,off
382512,1,490.44,0,0,off1,25.66984,48.31181,NA,off
382512,1,490.44,0,0,off2,25.17732,4.94825,NA,off
382512,1,490.44,0,0,off3,14.16719,19.31348,NA,off
382512,1,490.44,0,0,off4,37.14199,21.86921,NA,off
382512,1,490.44,0,0,def1,14.80903,38.72135,NA,def
382512,1,490.44,0,0,def2,20.42803,9.41748,NA,def
382512,1,490.44,0,0,def3,9.32408,21.42937,NA,def
382512,1,490.44,0,0,def4,5.65647,25.4446,NA,def
382512,1,490.44,0,0,def5,28.60143,22.22106,NA,def
639025,1,455.92,1,0,ball,5.14068,41.4741,NA,ball
639025,1,455.92,1,0,shooter,5.36607,41.67805,3.486119655,off
639025,1,455.92,1,0,off1,22.17977,4.98284,NA,off
639025,1,455.92,1,0,off2,34.64958,18.91872,NA,off
639025,1,455.92,1,0,off3,3.92086,7.06498,NA,off
639025,1,455.92,1,0,off4,18.23843,28.25338,NA,off
639025,1,455.92,1,0,def1,9.76904,14.83608,NA,def
639025,1,455.92,1,0,def2,19.30275,30.95055,NA,def
639025,1,455.92,1,0,def3,6.97285,39.70745,NA,def
639025,1,455.92,1,0,def4,5.90395,32.07154,NA,def
639025,1,455.92,1,0,def5,11.89744,25.77492,NA,def
690584,1,444.37,0,0,ball,15.9206,21.69907,NA,ball
690584,1,444.37,0,0,shooter,14.7661,20.96033,6.162659739,off
690584,1,444.37,0,0,off1,35.61203,8.12431,NA,off
690584,1,444.37,0,0,off2,18.9963,47.47163,NA,off
690584,1,444.37,0,0,off3,11.02946,5.92722,NA,off
690584,1,444.37,0,0,off4,27.69027,32.48062,NA,off
690584,1,444.37,0,0,def1,22.96405,13.96858,NA,def
690584,1,444.37,0,0,def2,8.71829,17.02532,NA,def
690584,1,444.37,0,0,def3,11.51358,34.64256,NA,def
690584,1,444.37,0,0,def4,13.33876,21.96781,NA,def
690584,1,444.37,0,0,def5,16.01128,26.1865,NA,def
701184,1,433.77,0,1,ball,5.07267,3.57087,NA,ball
701184,1,433.77,0,1,shooter,4.76357,2.52586,1.80164902,off
701184,1,433.77,0,1,off1,5.47423,48.16186,NA,off
701184,1,433.77,0,1,off2,29.05238,34.05747,NA,off
701184,1,433.77,0,1,off3,28.63095,9.09079,NA,off
701184,1,433.77,0,1,off4,15.10103,35.00276,NA,off
701184,1,433.77,0,1,def1,6.59977,33.84713,NA,def
701184,1,433.77,0,1,def2,16.22083,15.0888,NA,def
701184,1,433.77,0,1,def3,22.18667,32.37974,NA,def
701184,1,433.77,0,1,def4,9.6488,28.90266,NA,def
701184,1,433.77,0,1,def5,12.87749,27.78026,NA,def
713904,1,421.07,1,0,ball,11.35266,25.57113,NA,ball
713904,1,421.07,1,0,shooter,11.46362,26.27793,3.384602786,off
713904,1,421.07,1,0,off1,26.94826,5.5694,NA,off
713904,1,421.07,1,0,off2,27.59068,42.13656,NA,off
713904,1,421.07,1,0,off3,6.67438,4.33217,NA,off
713904,1,421.07,1,0,off4,3.93773,31.88687,NA,off
713904,1,421.07,1,0,def1,16.83775,12.74996,NA,def
713904,1,421.07,1,0,def2,7.64265,21.27093,NA,def
713904,1,421.07,1,0,def3,17.9076,37.21889,NA,def
713904,1,421.07,1,0,def4,10.79126,28.1209,NA,def
713904,1,421.07,1,0,def5,11.96459,29.84733,NA,def
922781,1,364.2,0,0,ball,5.2764,26.35871,NA,ball
922781,1,364.2,0,0,shooter,5.71309,25.05095,11.13671615,off
922781,1,364.2,0,0,off1,1.21275,16.73637,NA,off
922781,1,364.2,0,0,off2,33.16404,22.39755,NA,off
922781,1,364.2,0,0,off3,22.82146,46.64913,NA,off
922781,1,364.2,0,0,off4,8.53402,47.38927,NA,off
922781,1,364.2,0,0,def1,7.11803,13.91873,NA,def
922781,1,364.2,0,0,def2,4.30164,27.17496,NA,def
922781,1,364.2,0,0,def3,19.34307,21.75696,NA,def
922781,1,364.2,0,0,def4,8.99666,24.42035,NA,def
922781,1,364.2,0,0,def5,7.78198,21.24826,NA,def
968060,1,341.92,0,1,ball,16.59432,5.10219,NA,ball
968060,1,341.92,0,1,shooter,17.41909,3.61729,1.018374747,off
968060,1,341.92,0,1,off1,18.01098,28.2834,NA,off
968060,1,341.92,0,1,off2,30.41062,39.01974,NA,off
968060,1,341.92,0,1,off3,4.56513,30.42548,NA,off
968060,1,341.92,0,1,off4,6.63313,47.33897,NA,off
968060,1,341.92,0,1,def1,14.99275,10.7451,NA,def
968060,1,341.92,0,1,def2,11.50861,30.49055,NA,def
968060,1,341.92,0,1,def3,13.7658,25.4773,NA,def
968060,1,341.92,0,1,def4,7.52055,32.69213,NA,def
968060,1,341.92,0,1,def5,7.3706,27.47799,NA,def
979180,1,330.8,0,0,ball,7.72671,33.48198,NA,ball
979180,1,330.8,0,0,shooter,9.20542,34.94804,5.73988987,off
979180,1,330.8,0,0,off1,18.37331,7.79659,NA,off
979180,1,330.8,0,0,off2,33.10187,42.23752,NA,off
979180,1,330.8,0,0,off3,6.35048,7.66002,NA,off
979180,1,330.8,0,0,off4,38.74439,23.32495,NA,off
979180,1,330.8,0,0,def1,10.53806,17.53706,NA,def
979180,1,330.8,0,0,def2,7.79871,30.76043,NA,def
979180,1,330.8,0,0,def3,25.59189,41.40218,NA,def
979180,1,330.8,0,0,def4,11.66397,34.06797,NA,def
979180,1,330.8,0,0,def5,22.38,23.29985,NA,def
993980,1,316,0,0,ball,4.46697,26.33683,NA,ball
993980,1,316,0,0,shooter,4.59355,27.38532,10.61856631,off
993980,1,316,0,0,off1,35.62016,34.9092,NA,off
993980,1,316,0,0,off2,3.80804,30.67401,NA,off
993980,1,316,0,0,off3,16.02797,3.38617,NA,off
993980,1,316,0,0,off4,6.83013,46.74477,NA,off
993980,1,316,0,0,def1,14.55154,27.89953,NA,def
993980,1,316,0,0,def2,9.43552,16.63659,NA,def
993980,1,316,0,0,def3,9.16627,21.74365,NA,def
993980,1,316,0,0,def4,6.34249,27.3761,NA,def
993980,1,316,0,0,def5,8.14842,25.43725,NA,def
1016419,1,293.56,1,0,ball,9.06577,7.79668,NA,ball
1016419,1,293.56,1,0,shooter,9.48777,7.01315,1.823532702,off
1016419,1,293.56,1,0,off1,31.61302,36.50333,NA,off
1016419,1,293.56,1,0,off2,4.54789,44.89037,NA,off
1016419,1,293.56,1,0,off3,21.96066,16.38302,NA,off
1016419,1,293.56,1,0,off4,8.63332,31.3331,NA,off
1016419,1,293.56,1,0,def1,17.13933,26.39705,NA,def
1016419,1,293.56,1,0,def2,6.71651,30.63402,NA,def
1016419,1,293.56,1,0,def3,13.05944,16.84608,NA,def
1016419,1,293.56,1,0,def4,3.66346,5.42493,NA,def
1016419,1,293.56,1,0,def5,6.95077,28.79209,NA,def
1042339,1,267.64,1,0,ball,16.07431,38.66327,NA,ball
1042339,1,267.64,1,0,shooter,16.48804,38.72627,1.920468209,off
1042339,1,267.64,1,0,off1,34.40352,30.43412,NA,off
1042339,1,267.64,1,0,off2,29.52642,7.88668,NA,off
1042339,1,267.64,1,0,off3,7.09251,13.26667,NA,off
1042339,1,267.64,1,0,off4,19.8691,38.6462,NA,off
1042339,1,267.64,1,0,def1,12.89794,40.24709,NA,def
1042339,1,267.64,1,0,def2,20.42412,16.41532,NA,def
1042339,1,267.64,1,0,def3,21.48611,33.97351,NA,def
1042339,1,267.64,1,0,def4,5.39389,18.9775,NA,def
1042339,1,267.64,1,0,def5,13.29011,34.69679,NA,def
1074818,1,250.16,1,0,ball,4.57957,23.34296,NA,ball
1074818,1,250.16,1,0,shooter,5.33852,22.32713,11.16674442,off
1074818,1,250.16,1,0,off1,34.58483,31.09898,NA,off
1074818,1,250.16,1,0,off2,1.37436,14.57703,NA,off
1074818,1,250.16,1,0,off3,27.46736,9.30919,NA,off
1074818,1,250.16,1,0,off4,7.8952,17.12195,NA,off
1074818,1,250.16,1,0,def1,15.89597,29.73919,NA,def
1074818,1,250.16,1,0,def2,16.66278,17.18415,NA,def
1074818,1,250.16,1,0,def3,0.66226,26.64421,NA,def
1074818,1,250.16,1,0,def4,5.51982,24.30585,NA,def
1074818,1,250.16,1,0,def5,5.5638,25.44391,NA,def
1082218,1,242.76,1,0,ball,7.16152,28.13511,NA,ball
1082218,1,242.76,1,0,shooter,9.20102,27.42078,7.31319768,off
1082218,1,242.76,1,0,off1,24.29184,44.59971,NA,off
1082218,1,242.76,1,0,off2,17.64642,6.19657,NA,off
1082218,1,242.76,1,0,off3,32.26053,27.01134,NA,off
1082218,1,242.76,1,0,off4,43.61113,23.99874,NA,off
1082218,1,242.76,1,0,def1,10.20048,32.95885,NA,def
1082218,1,242.76,1,0,def2,16.28743,12.34183,NA,def
1082218,1,242.76,1,0,def3,11.47087,31.21916,NA,def
1082218,1,242.76,1,0,def4,7.16641,25.03964,NA,def
1082218,1,242.76,1,0,def5,27.81016,37.07955,NA,def
1181094,1,220.88,1,0,ball,9.19813,16.94923,NA,ball
1181094,1,220.88,1,0,shooter,9.37307,16.26497,5.008271017,off
1181094,1,220.88,1,0,off1,14.39851,44.19379,NA,off
1181094,1,220.88,1,0,off2,3.97554,1.49087,NA,off
1181094,1,220.88,1,0,off3,4.18151,30.36413,NA,off
1181094,1,220.88,1,0,off4,12.97177,32.05186,NA,off
1181094,1,220.88,1,0,def1,12.49341,29.94197,NA,def
1181094,1,220.88,1,0,def2,5.56445,20.30218,NA,def
1181094,1,220.88,1,0,def3,6.6017,8.03996,NA,def
1181094,1,220.88,1,0,def4,4.07772,30.06364,NA,def
1181094,1,220.88,1,0,def5,5.45539,22.37485,NA,def
1204894,1,197.08,1,0,ball,15.15746,7.03749,NA,ball
1204894,1,197.08,1,0,shooter,14.87371,7.68802,2.42750029,off
1204894,1,197.08,1,0,off1,8.05962,2.23419,NA,off
1204894,1,197.08,1,0,off2,30.33962,43.54641,NA,off
1204894,1,197.08,1,0,off3,33.64781,17.84427,NA,off
1204894,1,197.08,1,0,off4,4.95678,30.43775,NA,off
1204894,1,197.08,1,0,def1,8.49081,8.8101,NA,def
1204894,1,197.08,1,0,def2,12.8906,9.52407,NA,def
1204894,1,197.08,1,0,def3,26.60811,20.8097,NA,def
1204894,1,197.08,1,0,def4,15.60652,34.51676,NA,def
1204894,1,197.08,1,0,def5,6.5605,28.91552,NA,def
1231494,1,170.48,1,0,ball,4.64966,22.02063,NA,ball
1231494,1,170.48,1,0,shooter,5.25131,20.10617,2.071880801,off
1231494,1,170.48,1,0,off1,34.05964,25.11099,NA,off
1231494,1,170.48,1,0,off2,19.2838,44.67148,NA,off
1231494,1,170.48,1,0,off3,3.20039,27.53713,NA,off
1231494,1,170.48,1,0,off4,18.61946,6.2621,NA,off
1231494,1,170.48,1,0,def1,6.78017,20.76475,NA,def
1231494,1,170.48,1,0,def2,18.05392,25.04792,NA,def
1231494,1,170.48,1,0,def3,5.41244,26.06767,NA,def
1231494,1,170.48,1,0,def4,2.04955,23.55701,NA,def
1231494,1,170.48,1,0,def5,3.13616,23.41261,NA,def
1231574,1,170.4,1,0,ball,4.33689,22.76548,NA,ball
1231574,1,170.4,1,0,shooter,5.23261,19.96386,1.738692725,off
1231574,1,170.4,1,0,off1,34.29021,25.00321,NA,off
1231574,1,170.4,1,0,off2,19.51932,44.56397,NA,off
1231574,1,170.4,1,0,off3,3.23632,27.43979,NA,off
1231574,1,170.4,1,0,off4,19.02349,6.24105,NA,off
1231574,1,170.4,1,0,def1,6.58863,20.89365,NA,def
1231574,1,170.4,1,0,def2,18.07271,25.00044,NA,def
1231574,1,170.4,1,0,def3,5.65577,25.03033,NA,def
1231574,1,170.4,1,0,def4,2.03886,23.48978,NA,def
1231574,1,170.4,1,0,def5,3.12547,23.34538,NA,def
1254414,1,147.56,0,0,ball,23.56103,15.66902,NA,ball
1254414,1,147.56,0,0,shooter,24.45181,15.08845,0.500199288,off
1254414,1,147.56,0,0,off1,29.96623,33.10012,NA,off
1254414,1,147.56,0,0,off2,13.81027,1.54104,NA,off
1254414,1,147.56,0,0,off3,8.60049,48.33133,NA,off
1254414,1,147.56,0,0,off4,4.43875,32.50454,NA,off
1254414,1,147.56,0,0,def1,22.44595,21.99033,NA,def
1254414,1,147.56,0,0,def2,10.15487,32.87799,NA,def
1254414,1,147.56,0,0,def3,6.93979,26.42008,NA,def
1254414,1,147.56,0,0,def4,16.49953,2.94148,NA,def
1254414,1,147.56,0,0,def5,14.29259,10.6408,NA,def
1263573,1,138.4,1,0,ball,4.5407,22.6367,NA,ball
1263573,1,138.4,1,0,shooter,4.85083,21.09202,13.53247727,off
1263573,1,138.4,1,0,off1,7.023,1.99201,NA,off
1263573,1,138.4,1,0,off2,30.96423,17.52624,NA,off
1263573,1,138.4,1,0,off3,6.65295,39.03934,NA,off
1263573,1,138.4,1,0,off4,25.09918,25.33988,NA,off
1263573,1,138.4,1,0,def1,23.4096,17.64809,NA,def
1263573,1,138.4,1,0,def2,9.7144,33.58791,NA,def
1263573,1,138.4,1,0,def3,7.1878,8.70922,NA,def
1263573,1,138.4,1,0,def4,12.37093,23.26446,NA,def
1263573,1,138.4,1,0,def5,6.64698,21.12112,NA,def
1540089,1,103.12,0,1,ball,8.39849,46.55185,NA,ball
1540089,1,103.12,0,1,shooter,8.48563,47.27521,2.00768673,off
1540089,1,103.12,0,1,off1,35.64551,40.09487,NA,off
1540089,1,103.12,0,1,off2,18.61943,3.5946,NA,off
1540089,1,103.12,0,1,off3,17.82593,24.09213,NA,off
1540089,1,103.12,0,1,off4,12.66767,29.3141,NA,off
1540089,1,103.12,0,1,def1,23.55914,36.07809,NA,def
1540089,1,103.12,0,1,def2,10.40807,41.55423,NA,def
1540089,1,103.12,0,1,def3,14.39199,23.58115,NA,def
1540089,1,103.12,0,1,def4,9.32713,17.33929,NA,def
1540089,1,103.12,0,1,def5,10.87287,27.94477,NA,def
1562888,1,80.32,1,1,ball,23.03496,36.00067,NA,ball
1562888,1,80.32,1,1,shooter,25.74786,37.38569,1.33196583,off
1562888,1,80.32,1,1,off1,5.7417,47.79209,NA,off
1562888,1,80.32,1,1,off2,29.16091,13.20381,NA,off
1562888,1,80.32,1,1,off3,17.15253,17.85911,NA,off
1562888,1,80.32,1,1,off4,5.86471,30.02573,NA,off
1562888,1,80.32,1,1,def1,17.94934,15.65276,NA,def
1562888,1,80.32,1,1,def2,9.08453,40.85641,NA,def
1562888,1,80.32,1,1,def3,13.29553,20.63926,NA,def
1562888,1,80.32,1,1,def4,17.37104,33.37418,NA,def
1562888,1,80.32,1,1,def5,6.95262,25.96988,NA,def
1579608,1,63.6,1,0,ball,17.89356,17.97684,NA,ball
1579608,1,63.6,1,0,shooter,17.05969,18.70734,1.392625219,off
1579608,1,63.6,1,0,off1,11.77225,1.35074,NA,off
1579608,1,63.6,1,0,off2,23.45455,44.2727,NA,off
1579608,1,63.6,1,0,off3,7.55104,15.93608,NA,off
1579608,1,63.6,1,0,off4,6.40776,28.92691,NA,off
1579608,1,63.6,1,0,def1,15.02426,20.1279,NA,def
1579608,1,63.6,1,0,def2,10.43389,11.68042,NA,def
1579608,1,63.6,1,0,def3,8.00167,21.42381,NA,def
1579608,1,63.6,1,0,def4,17.88478,33.48186,NA,def
1579608,1,63.6,1,0,def5,9.56685,22.26468,NA,def
1621247,1,35.9,1,1,ball,22.23895,44.17901,NA,ball
1621247,1,35.9,1,1,shooter,22.21416,43.79198,3.39331722,off
1621247,1,35.9,1,1,off1,40.96713,23.99954,NA,off
1621247,1,35.9,1,1,off2,8.70215,6.77407,NA,off
1621247,1,35.9,1,1,off3,28.31007,12.78397,NA,off
1621247,1,35.9,1,1,off4,12.04371,33.97502,NA,off
1621247,1,35.9,1,1,def1,31.82916,26.95018,NA,def
1621247,1,35.9,1,1,def2,20.70497,40.46167,NA,def
1621247,1,35.9,1,1,def3,16.85844,19.04098,NA,def
1621247,1,35.9,1,1,def4,7.56422,17.90231,NA,def
1621247,1,35.9,1,1,def5,12.44399,33.93831,NA,def
1957239,2,707.72,0,0,ball,5.39389,27.87081,NA,ball
1957239,2,707.72,0,0,shooter,6.37784,24.62846,13.13936319,off
1957239,2,707.72,0,0,off1,35.02966,24.77279,NA,off
1957239,2,707.72,0,0,off2,24.8653,42.47013,NA,off
1957239,2,707.72,0,0,off3,5.80972,24.22863,NA,off
1957239,2,707.72,0,0,off4,6.15882,22.47682,NA,off
1957239,2,707.72,0,0,def1,5.67173,17.09613,NA,def
1957239,2,707.72,0,0,def2,9.66087,30.17599,NA,def
1957239,2,707.72,0,0,def3,19.80665,25.58585,NA,def
1957239,2,707.72,0,0,def4,9.53365,23.6546,NA,def
1957239,2,707.72,0,0,def5,6.89973,24.9562,NA,def
2053038,2,669.92,1,0,ball,9.9113,25.27872,NA,ball
2053038,2,669.92,1,0,shooter,9.92869,25.4922,5.390104365,off
2053038,2,669.92,1,0,off1,35.16129,15.43428,NA,off
2053038,2,669.92,1,0,off2,40.54833,34.79031,NA,off
2053038,2,669.92,1,0,off3,6.40777,2.3676,NA,off
2053038,2,669.92,1,0,off4,8.57241,41.96647,NA,off
2053038,2,669.92,1,0,def1,17.68546,14.85026,NA,def
2053038,2,669.92,1,0,def2,12.24611,22.89099,NA,def
2053038,2,669.92,1,0,def3,5.90758,34.29782,NA,def
2053038,2,669.92,1,0,def4,8.4575,25.36417,NA,def
2053038,2,669.92,1,0,def5,10.33402,28.07279,NA,def
2065918,2,657.04,1,0,ball,7.11895,45.19779,NA,ball
2065918,2,657.04,1,0,shooter,6.98617,45.11227,1.223772065,off
2065918,2,657.04,1,0,off1,3.77373,15.0133,NA,off
2065918,2,657.04,1,0,off2,30.2619,25.02071,NA,off
2065918,2,657.04,1,0,off3,13.25167,38.78204,NA,off
2065918,2,657.04,1,0,off4,21.97506,17.64895,NA,off
2065918,2,657.04,1,0,def1,3.73693,25.32042,NA,def
2065918,2,657.04,1,0,def2,22.07604,26.7582,NA,def
2065918,2,657.04,1,0,def3,7.44434,41.36101,NA,def
2065918,2,657.04,1,0,def4,10.51427,36.66188,NA,def
2065918,2,657.04,1,0,def5,12.60748,24.22393,NA,def
2074398,2,648.56,1,0,ball,8.67696,35.31503,NA,ball
2074398,2,648.56,1,0,shooter,8.4543,34.79828,4.535514711,off
2074398,2,648.56,1,0,off1,6.12555,48.149,NA,off
2074398,2,648.56,1,0,off2,6.28187,2.20976,NA,off
2074398,2,648.56,1,0,off3,15.41961,20.65501,NA,off
2074398,2,648.56,1,0,off4,32.71941,25.05943,NA,off
2074398,2,648.56,1,0,def1,8.75045,27.05212,NA,def
2074398,2,648.56,1,0,def2,11.66333,19.91185,NA,def
2074398,2,648.56,1,0,def3,8.20119,40.99517,NA,def
2074398,2,648.56,1,0,def4,6.62,31.35927,NA,def
2074398,2,648.56,1,0,def5,7.23168,25.5822,NA,def
2160037,2,604.92,1,0,ball,14.06895,23.2784,NA,ball
2160037,2,604.92,1,0,shooter,14.45371,23.51341,8.827463997,off
2160037,2,604.92,1,0,off1,3.09459,6.07901,NA,off
2160037,2,604.92,1,0,off2,17.26304,3.62541,NA,off
2160037,2,604.92,1,0,off3,5.71386,47.80522,NA,off
2160037,2,604.92,1,0,off4,5.93778,14.21944,NA,off
2160037,2,604.92,1,0,def1,7.2106,38.86196,NA,def
2160037,2,604.92,1,0,def2,18.23098,12.16394,NA,def
2160037,2,604.92,1,0,def3,3.98608,14.84396,NA,def
2160037,2,604.92,1,0,def4,13.60041,27.68775,NA,def
2160037,2,604.92,1,0,def5,11.87368,24.81192,NA,def
2180356,2,584.6,1,0,ball,14.98164,34.34702,NA,ball
2180356,2,584.6,1,0,shooter,13.73864,33.96749,6.697794847,off
2180356,2,584.6,1,0,off1,26.82959,41.14157,NA,off
2180356,2,584.6,1,0,off2,4.07022,6.53285,NA,off
2180356,2,584.6,1,0,off3,22.34067,6.0123,NA,off
2180356,2,584.6,1,0,off4,19.99243,20.9766,NA,off
2180356,2,584.6,1,0,def1,22.34391,32.55898,NA,def
2180356,2,584.6,1,0,def2,12.42964,16.83144,NA,def
2180356,2,584.6,1,0,def3,5.12771,17.73543,NA,def
2180356,2,584.6,1,0,def4,13.405,22.98218,NA,def
2180356,2,584.6,1,0,def5,11.08409,32.18366,NA,def
2233075,2,547.88,1,1,ball,28.86698,36.0754,NA,ball
2233075,2,547.88,1,1,shooter,29.89925,36.38639,0.923965437,off
2233075,2,547.88,1,1,off1,30.87318,8.28283,NA,off
2233075,2,547.88,1,1,off2,9.82424,48.36689,NA,off
2233075,2,547.88,1,1,off3,3.36267,18.54443,NA,off
2233075,2,547.88,1,1,off4,10.44384,14.72438,NA,off
2233075,2,547.88,1,1,def1,26.4936,34.71406,NA,def
2233075,2,547.88,1,1,def2,11.23942,17.30353,NA,def
2233075,2,547.88,1,1,def3,21.88491,19.82336,NA,def
2233075,2,547.88,1,1,def4,8.64195,37.87157,NA,def
2233075,2,547.88,1,1,def5,6.89602,23.77744,NA,def
2445990,2,525.96,1,0,ball,21.32821,18.23834,NA,ball
2445990,2,525.96,1,0,shooter,22.07832,17.94303,0.997508038,off
2445990,2,525.96,1,0,off1,25.35346,42.0514,NA,off
2445990,2,525.96,1,0,off2,12.25331,2.42153,NA,off
2445990,2,525.96,1,0,off3,5.28434,47.89747,NA,off
2445990,2,525.96,1,0,off4,13.99138,27.38489,NA,off
2445990,2,525.96,1,0,def1,14.63574,29.37785,NA,def
2445990,2,525.96,1,0,def2,11.60069,9.71776,NA,def
2445990,2,525.96,1,0,def3,22.52723,20.814,NA,def
2445990,2,525.96,1,0,def4,6.67591,29.05229,NA,def
2445990,2,525.96,1,0,def5,12.56276,23.85227,NA,def
2478469,2,507.48,1,0,ball,19.0861,22.69315,NA,ball
2478469,2,507.48,1,0,shooter,18.10263,22.68742,2.417136788,off
2478469,2,507.48,1,0,off1,36.9696,39.63355,NA,off
2478469,2,507.48,1,0,off2,7.60455,48.44568,NA,off
2478469,2,507.48,1,0,off3,24.01361,3.92917,NA,off
2478469,2,507.48,1,0,off4,6.61719,21.15819,NA,off
2478469,2,507.48,1,0,def1,26.87106,34.12134,NA,def
2478469,2,507.48,1,0,def2,13.75538,14.87354,NA,def
2478469,2,507.48,1,0,def3,7.67901,34.9999,NA,def
2478469,2,507.48,1,0,def4,14.89532,25.80901,NA,def
2478469,2,507.48,1,0,def5,8.02949,22.07453,NA,def
2492828,2,493.12,0,0,ball,10.73477,14.502,NA,ball
2492828,2,493.12,0,0,shooter,11.27068,14.46415,2.404532817,off
2492828,2,493.12,0,0,off1,5.44988,42.88164,NA,off
2492828,2,493.12,0,0,off2,12.75121,46.00552,NA,off
2492828,2,493.12,0,0,off3,26.49352,34.85233,NA,off
2492828,2,493.12,0,0,off4,22.36176,20.29328,NA,off
2492828,2,493.12,0,0,def1,7.66086,28.57556,NA,def
2492828,2,493.12,0,0,def2,23.01561,10.39693,NA,def
2492828,2,493.12,0,0,def3,15.38376,33.71092,NA,def
2492828,2,493.12,0,0,def4,16.65243,30.15192,NA,def
2492828,2,493.12,0,0,def5,9.33613,20.12598,NA,def
2509868,2,476.08,0,0,ball,14.34144,15.27466,NA,ball
2509868,2,476.08,0,0,shooter,13.36563,15.88863,4.862396285,off
2509868,2,476.08,0,0,off1,26.52159,42.14959,NA,off
2509868,2,476.08,0,0,off2,10.79549,48.83573,NA,off
2509868,2,476.08,0,0,off3,28.8563,11.60507,NA,off
2509868,2,476.08,0,0,off4,6.09367,30.09717,NA,off
2509868,2,476.08,0,0,def1,19.23466,27.34783,NA,def
2509868,2,476.08,0,0,def2,21.01169,15.34374,NA,def
2509868,2,476.08,0,0,def3,10.7438,33.89189,NA,def
2509868,2,476.08,0,0,def4,12.47913,17.08952,NA,def
2509868,2,476.08,0,0,def5,7.27304,28.63456,NA,def
2520828,2,465.12,1,0,ball,4.93065,22.59955,NA,ball
2520828,2,465.12,1,0,shooter,8.99659,22.34759,10.19195838,off
2520828,2,465.12,1,0,off1,6.67424,47.90309,NA,off
2520828,2,465.12,1,0,off2,11.78858,1.06342,NA,off
2520828,2,465.12,1,0,off3,30.24994,33.1415,NA,off
2520828,2,465.12,1,0,off4,7.84364,23.64676,NA,off
2520828,2,465.12,1,0,def1,11.20991,35.13258,NA,def
2520828,2,465.12,1,0,def2,20.37696,25.11356,NA,def
2520828,2,465.12,1,0,def3,10.62186,9.0993,NA,def
2520828,2,465.12,1,0,def4,8.84973,20.25088,NA,def
2520828,2,465.12,1,0,def5,8.88043,23.61155,NA,def
2527107,2,458.84,1,1,ball,28.42927,28.85613,NA,ball
2527107,2,458.84,1,1,shooter,29.06727,28.56131,2.84858912,off
2527107,2,458.84,1,1,off1,20.2408,2.16385,NA,off
2527107,2,458.84,1,1,off2,8.9447,47.80077,NA,off
2527107,2,458.84,1,1,off3,61.0455,24.74753,NA,off
2527107,2,458.84,1,1,off4,20.05136,22.72038,NA,off
2527107,2,458.84,1,1,def1,20.04508,29.04836,NA,def
2527107,2,458.84,1,1,def2,13.45763,35.09713,NA,def
2527107,2,458.84,1,1,def3,33.26699,16.94554,NA,def
2527107,2,458.84,1,1,def4,12.24129,23.44429,NA,def
2527107,2,458.84,1,1,def5,25.72707,23.94746,NA,def
2535548,2,450.4,0,1,ball,16.61603,44.67207,NA,ball
2535548,2,450.4,0,1,shooter,17.7775,46.53369,2.236757929,off
2535548,2,450.4,0,1,off1,4.08236,2.02408,NA,off
2535548,2,450.4,0,1,off2,36.2049,9.04053,NA,off
2535548,2,450.4,0,1,off3,34.61122,36.31827,NA,off
2535548,2,450.4,0,1,off4,6.98141,16.24977,NA,off
2535548,2,450.4,0,1,def1,11.01588,17.15712,NA,def
2535548,2,450.4,0,1,def2,23.39104,37.52294,NA,def
2535548,2,450.4,0,1,def3,24.56923,21.72436,NA,def
2535548,2,450.4,0,1,def4,8.38599,20.25455,NA,def
2535548,2,450.4,0,1,def5,15.9848,28.33584,NA,def
2583187,2,422.76,0,0,ball,19.47726,35.15399,NA,ball
2583187,2,422.76,0,0,shooter,20.37868,35.44336,0.326920695,off
2583187,2,422.76,0,0,off1,4.15193,1.23831,NA,off
2583187,2,422.76,0,0,off2,29.80861,17.88394,NA,off
2583187,2,422.76,0,0,off3,9.04315,47.80784,NA,off
2583187,2,422.76,0,0,off4,6.96571,23.36285,NA,off
2583187,2,422.76,0,0,def1,8.28347,14.33369,NA,def
2583187,2,422.76,0,0,def2,10.36328,40.54344,NA,def
2583187,2,422.76,0,0,def3,18.43905,18.68468,NA,def
2583187,2,422.76,0,0,def4,6.06211,25.93331,NA,def
2583187,2,422.76,0,0,def5,16.74529,30.59694,NA,def
2600027,2,405.92,0,0,ball,3.28585,5.13863,NA,ball
2600027,2,405.92,0,0,shooter,3.56586,5.3355,1.551773809,off
2600027,2,405.92,0,0,off1,27.10588,40.81203,NA,off
2600027,2,405.92,0,0,off2,3.73181,19.0028,NA,off
2600027,2,405.92,0,0,off3,32.00489,7.65677,NA,off
2600027,2,405.92,0,0,off4,9.99481,29.49377,NA,off
2600027,2,405.92,0,0,def1,17.18473,28.83353,NA,def
2600027,2,405.92,0,0,def2,12.96405,12.21577,NA,def
2600027,2,405.92,0,0,def3,3.73831,22.23872,NA,def
2600027,2,405.92,0,0,def4,4.33501,11.59602,NA,def
2600027,2,405.92,0,0,def5,7.01034,26.8992,NA,def
2619626,2,386.32,1,0,ball,5.42251,10.64799,NA,ball
2619626,2,386.32,1,0,shooter,5.66548,10.35994,1.328860557,off
2619626,2,386.32,1,0,off1,27.84846,38.55091,NA,off
2619626,2,386.32,1,0,off2,6.32956,47.98331,NA,off
2619626,2,386.32,1,0,off3,33.50115,27.18523,NA,off
2619626,2,386.32,1,0,off4,22.01375,14.47779,NA,off
2619626,2,386.32,1,0,def1,16.63352,33.90342,NA,def
2619626,2,386.32,1,0,def2,6.13493,41.14452,NA,def
2619626,2,386.32,1,0,def3,14.78358,18.26662,NA,def
2619626,2,386.32,1,0,def4,18.04975,25.6774,NA,def
2619626,2,386.32,1,0,def5,5.58325,15.65865,NA,def
2628146,2,377.8,1,0,ball,9.14253,42.22952,NA,ball
2628146,2,377.8,1,0,shooter,9.01768,43.04616,1.313504931,off
2628146,2,377.8,1,0,off1,33.17285,28.59084,NA,off
2628146,2,377.8,1,0,off2,5.78424,0.85018,NA,off
2628146,2,377.8,1,0,off3,14.34647,14.52221,NA,off
2628146,2,377.8,1,0,off4,15.17958,22.904,NA,off
2628146,2,377.8,1,0,def1,20.93592,30.04594,NA,def
2628146,2,377.8,1,0,def2,18.20256,16.14021,NA,def
2628146,2,377.8,1,0,def3,7.05507,16.24574,NA,def
2628146,2,377.8,1,0,def4,12.25901,26.21003,NA,def
2628146,2,377.8,1,0,def5,10.05519,38.44743,NA,def
2832382,2,365.6,0,0,ball,22.4999,15.76274,NA,ball
2832382,2,365.6,0,0,shooter,23.33638,15.0733,2.730422818,off
2832382,2,365.6,0,0,off1,33.44667,35.34667,NA,off
2832382,2,365.6,0,0,off2,7.07187,47.8176,NA,off
2832382,2,365.6,0,0,off3,19.87975,17.21602,NA,off
2832382,2,365.6,0,0,off4,15.93522,1.96246,NA,off
2832382,2,365.6,0,0,def1,21.20949,31.14905,NA,def
2832382,2,365.6,0,0,def2,5.09713,39.50664,NA,def
2832382,2,365.6,0,0,def3,11.13407,12.04051,NA,def
2832382,2,365.6,0,0,def4,18.76809,19.15903,NA,def
2832382,2,365.6,0,0,def5,15.00143,18.66359,NA,def
2848342,2,349.64,0,0,ball,NA,23.24652,NA,ball
2848342,2,349.64,0,0,shooter,5.26576,23.78196,13.71056311,off
2848342,2,349.64,0,0,off1,12.89093,3.45023,NA,off
2848342,2,349.64,0,0,off2,34.82597,29.18803,NA,off
2848342,2,349.64,0,0,off3,3.78953,47.55477,NA,off
2848342,2,349.64,0,0,off4,15.04597,22.72092,NA,off
2848342,2,349.64,0,0,def1,13.23761,6.22671,NA,def
2848342,2,349.64,0,0,def2,15.82096,30.67643,NA,def
2848342,2,349.64,0,0,def3,0.87935,17.36774,NA,def
2848342,2,349.64,0,0,def4,5.27385,25.2967,NA,def
2848342,2,349.64,0,0,def5,10.45252,10.68811,NA,def
2864501,2,333.48,1,0,ball,5.54855,22.41819,NA,ball
2864501,2,333.48,1,0,shooter,4.73197,22.60588,5.152668084,off
2864501,2,333.48,1,0,off1,15.22378,3.22506,NA,off
2864501,2,333.48,1,0,off2,11.69224,29.79502,NA,off
2864501,2,333.48,1,0,off3,7.52554,47.27488,NA,off
2864501,2,333.48,1,0,off4,12.26897,16.74704,NA,off
2864501,2,333.48,1,0,def1,3.95438,21.15904,NA,def
2864501,2,333.48,1,0,def2,10.38459,5.46716,NA,def
2864501,2,333.48,1,0,def3,6.65913,37.42383,NA,def
2864501,2,333.48,1,0,def4,6.00506,26.2568,NA,def
2864501,2,333.48,1,0,def5,13.56282,22.13633,NA,def
2883501,2,314.48,0,0,ball,6.20284,27.65788,NA,ball
2883501,2,314.48,0,0,shooter,9.82042,27.24634,5.679983899,off
2883501,2,314.48,0,0,off1,19.01585,41.39415,NA,off
2883501,2,314.48,0,0,off2,35.10618,16.48866,NA,off
2883501,2,314.48,0,0,off3,30.34586,42.83145,NA,off
2883501,2,314.48,0,0,off4,7.57713,17.2621,NA,off
2883501,2,314.48,0,0,def1,15.77899,34.04868,NA,def
2883501,2,314.48,0,0,def2,11.18376,21.16622,NA,def
2883501,2,314.48,0,0,def3,10.43179,30.17574,NA,def
2883501,2,314.48,0,0,def4,5.9586,29.9071,NA,def
2883501,2,314.48,0,0,def5,9.18337,25.16482,NA,def
2885501,2,312.48,0,0,ball,7.1214,27.51058,NA,ball
2885501,2,312.48,0,0,shooter,7.02197,26.94183,2.010979478,off
2885501,2,312.48,0,0,off1,33.98783,36.40247,NA,off
2885501,2,312.48,0,0,off2,40.7429,15.95312,NA,off
2885501,2,312.48,0,0,off3,43.23448,32.59435,NA,off
2885501,2,312.48,0,0,off4,13.39649,16.56097,NA,off
2885501,2,312.48,0,0,def1,13.07428,33.1386,NA,def
2885501,2,312.48,0,0,def2,8.06311,15.74949,NA,def
2885501,2,312.48,0,0,def3,6.60479,26.99604,NA,def
2885501,2,312.48,0,0,def4,6.41871,24.84943,NA,def
2885501,2,312.48,0,0,def5,4.69369,25.17517,NA,def
2897581,2,300.4,1,0,ball,5.96752,27.46776,NA,ball
2897581,2,300.4,1,0,shooter,6.96296,28.11846,11.03321824,off
2897581,2,300.4,1,0,off1,17.64219,46.21559,NA,off
2897581,2,300.4,1,0,off2,3.46012,47.24307,NA,off
2897581,2,300.4,1,0,off3,26.47063,38.25429,NA,off
2897581,2,300.4,1,0,off4,8.54022,7.89712,NA,off
2897581,2,300.4,1,0,def1,13.94998,37.64868,NA,def
2897581,2,300.4,1,0,def2,3.34773,40.09832,NA,def
2897581,2,300.4,1,0,def3,17.4913,26.83332,NA,def
2897581,2,300.4,1,0,def4,10.90176,25.36348,NA,def
2897581,2,300.4,1,0,def5,7.91287,19.64381,NA,def
2907540,2,290.44,1,0,ball,7.32814,42.52631,NA,ball
2907540,2,290.44,1,0,shooter,7.15135,42.84646,1.433963067,off
2907540,2,290.44,1,0,off1,32.24284,37.25264,NA,off
2907540,2,290.44,1,0,off2,17.87593,0.62285,NA,off
2907540,2,290.44,1,0,off3,4.6612,16.18137,NA,off
2907540,2,290.44,1,0,off4,9.01206,12.7399,NA,off
2907540,2,290.44,1,0,def1,18.40341,33.60148,NA,def
2907540,2,290.44,1,0,def2,15.4808,15.4439,NA,def
2907540,2,290.44,1,0,def3,8.02653,38.15027,NA,def
2907540,2,290.44,1,0,def4,7.53272,17.95885,NA,def
2907540,2,290.44,1,0,def5,5.35645,22.12245,NA,def
2927579,2,270.4,1,0,ball,21.16866,24.88874,NA,ball
2927579,2,270.4,1,0,shooter,20.6262,25.04894,3.254103803,off
2927579,2,270.4,1,0,off1,23.49472,7.02076,NA,off
2927579,2,270.4,1,0,off2,13.90084,47.17785,NA,off
2927579,2,270.4,1,0,off3,6.6381,2.21861,NA,off
2927579,2,270.4,1,0,off4,2.91947,35.15666,NA,off
2927579,2,270.4,1,0,def1,18.87184,20.25967,NA,def
2927579,2,270.4,1,0,def2,9.45248,40.77657,NA,def
2927579,2,270.4,1,0,def3,17.49577,25.50192,NA,def
2927579,2,270.4,1,0,def4,7.86138,12.03661,NA,def
2927579,2,270.4,1,0,def5,6.18192,27.31694,NA,def
3031937,2,237.04,1,0,ball,17.85576,35.32554,NA,ball
3031937,2,237.04,1,0,shooter,18.23317,35.60399,0.920089094,off
3031937,2,237.04,1,0,off1,3.16809,48.29163,NA,off
3031937,2,237.04,1,0,off2,29.09205,25.54497,NA,off
3031937,2,237.04,1,0,off3,1.89158,1.46499,NA,off
3031937,2,237.04,1,0,off4,20.72229,29.9392,NA,off
3031937,2,237.04,1,0,def1,20.09521,34.5589,NA,def
3031937,2,237.04,1,0,def2,7.73796,35.43632,NA,def
3031937,2,237.04,1,0,def3,5.83991,16.99279,NA,def
3031937,2,237.04,1,0,def4,18.86533,26.17089,NA,def
3031937,2,237.04,1,0,def5,12.40291,29.65898,NA,def
3054938,2,214.04,0,0,ball,7.72666,25.42855,NA,ball
3054938,2,214.04,0,0,shooter,8.4994,26.06351,10.58409433,off
3054938,2,214.04,0,0,off1,2.34395,28.04669,NA,off
3054938,2,214.04,0,0,off2,18.91811,24.21682,NA,off
3054938,2,214.04,0,0,off3,54.43489,17.72155,NA,off
3054938,2,214.04,0,0,off4,80.73909,27.20797,NA,off
3054938,2,214.04,0,0,def1,14.86454,23.2233,NA,def
3054938,2,214.04,0,0,def2,5.6845,27.88337,NA,def
3054938,2,214.04,0,0,def3,59.6943,10.25458,NA,def
3054938,2,214.04,0,0,def4,49.51031,27.68868,NA,def
3054938,2,214.04,0,0,def5,24.60824,19.12785,NA,def
3078697,2,190.28,0,1,ball,3.63063,3.05099,NA,ball
3078697,2,190.28,0,1,shooter,3.62134,2.35842,1.676003535,off
3078697,2,190.28,0,1,off1,35.50422,10.7353,NA,off
3078697,2,190.28,0,1,off2,3.56191,47.55747,NA,off
3078697,2,190.28,0,1,off3,14.07192,6.73489,NA,off
3078697,2,190.28,0,1,off4,12.35348,27.379,NA,off
3078697,2,190.28,0,1,def1,12.69793,5.0386,NA,def
3078697,2,190.28,0,1,def2,26.17684,20.34587,NA,def
3078697,2,190.28,0,1,def3,12.1621,15.35249,NA,def
3078697,2,190.28,0,1,def4,8.92557,28.46969,NA,def
3078697,2,190.28,0,1,def5,5.03213,8.47632,NA,def
3092177,2,176.8,0,0,ball,6.07845,26.5739,NA,ball
3092177,2,176.8,0,0,shooter,6.09587,27.40347,3.294376591,off
3092177,2,176.8,0,0,off1,32.28681,31.20363,NA,off
3092177,2,176.8,0,0,off2,10.62268,22.07038,NA,off
3092177,2,176.8,0,0,off3,14.82775,47.36607,NA,off
3092177,2,176.8,0,0,off4,24.9827,10.33227,NA,off
3092177,2,176.8,0,0,def1,17.29638,15.13484,NA,def
3092177,2,176.8,0,0,def2,21.8974,28.54695,NA,def
3092177,2,176.8,0,0,def3,9.1229,19.19699,NA,def
3092177,2,176.8,0,0,def4,6.40677,31.45921,NA,def
3092177,2,176.8,0,0,def5,4.28227,23.11876,NA,def
3405650,2,128.32,1,0,ball,10.78924,6.002,NA,ball
3405650,2,128.32,1,0,shooter,11.63337,6.26955,1.137767429,off
3405650,2,128.32,1,0,off1,28.91546,12.1269,NA,off
3405650,2,128.32,1,0,off2,30.89489,38.92064,NA,off
3405650,2,128.32,1,0,off3,6.2946,47.86798,NA,off
3405650,2,128.32,1,0,off4,14.26552,21.5947,NA,off
3405650,2,128.32,1,0,def1,5.6322,27.53572,NA,def
3405650,2,128.32,1,0,def2,16.704,12.92409,NA,def
3405650,2,128.32,1,0,def3,8.71674,10.58364,NA,def
3405650,2,128.32,1,0,def4,20.9417,28.89377,NA,def
3405650,2,128.32,1,0,def5,11.18275,19.73907,NA,def
3421490,2,112.48,0,0,ball,4.84629,24.54688,NA,ball
3421490,2,112.48,0,0,shooter,5.36867,24.6653,3.962508473,off
3421490,2,112.48,0,0,off1,19.36122,3.45791,NA,off
3421490,2,112.48,0,0,off2,42.59159,24.34778,NA,off
3421490,2,112.48,0,0,off3,15.80113,46.33277,NA,off
3421490,2,112.48,0,0,off4,25.77156,36.92652,NA,off
3421490,2,112.48,0,0,def1,18.49087,33.33841,NA,def
3421490,2,112.48,0,0,def2,7.46958,22.84712,NA,def
3421490,2,112.48,0,0,def3,12.51681,7.67391,NA,def
3421490,2,112.48,0,0,def4,18.67667,24.63514,NA,def
3421490,2,112.48,0,0,def5,8.90318,28.70192,NA,def
3435609,2,98.36,1,0,ball,6.99581,28.95475,NA,ball
3435609,2,98.36,1,0,shooter,6.15627,30.2047,8.62035086,off
3435609,2,98.36,1,0,off1,31.80313,20.49875,NA,off
3435609,2,98.36,1,0,off2,17.90728,5.66925,NA,off
3435609,2,98.36,1,0,off3,10.43983,20.38777,NA,off
3435609,2,98.36,1,0,off4,12.46192,45.86544,NA,off
3435609,2,98.36,1,0,def1,7.38101,32.28395,NA,def
3435609,2,98.36,1,0,def2,16.8675,21.22226,NA,def
3435609,2,98.36,1,0,def3,11.7402,38.7865,NA,def
3435609,2,98.36,1,0,def4,11.11031,21.50558,NA,def
3435609,2,98.36,1,0,def5,4.76822,28.00738,NA,def
3455610,2,78.36,0,1,ball,5.47495,46.66918,NA,ball
3455610,2,78.36,0,1,shooter,5.72634,47.1143,0.572282778,off
3455610,2,78.36,0,1,off1,31.40677,39.89183,NA,off
3455610,2,78.36,0,1,off2,20.68496,5.17272,NA,off
3455610,2,78.36,0,1,off3,13.45771,24.23555,NA,off
3455610,2,78.36,0,1,off4,5.67482,20.60841,NA,off
3455610,2,78.36,0,1,def1,8.38336,26.56309,NA,def
3455610,2,78.36,0,1,def2,5.96576,41.85347,NA,def
3455610,2,78.36,0,1,def3,17.64242,34.69224,NA,def
3455610,2,78.36,0,1,def4,4.50474,21.16204,NA,def
3455610,2,78.36,0,1,def5,6.49862,16.05697,NA,def
3546849,2,61.92,1,0,ball,24.15002,19.47033,NA,ball
3546849,2,61.92,1,0,shooter,23.53918,19.45639,3.859397672,off
3546849,2,61.92,1,0,off1,22.69805,8.24492,NA,off
3546849,2,61.92,1,0,off2,10.57818,48.43725,NA,off
3546849,2,61.92,1,0,off3,6.54496,2.09392,NA,off
3546849,2,61.92,1,0,off4,7.06363,16.7276,NA,off
3546849,2,61.92,1,0,def1,7.79907,10.86012,NA,def
3546849,2,61.92,1,0,def2,20.52342,13.9685,NA,def
3546849,2,61.92,1,0,def3,7.18821,19.55018,NA,def
3546849,2,61.92,1,0,def4,12.997,36.47058,NA,def
3546849,2,61.92,1,0,def5,19.36073,21.60562,NA,def
3615927,2,36.58,0,1,ball,8.25532,2.625,NA,ball
3615927,2,36.58,0,1,shooter,8.5095,2.51744,0.432063476,off
3615927,2,36.58,0,1,off1,22.77233,42.74061,NA,off
3615927,2,36.58,0,1,off2,2.69739,42.69615,NA,off
3615927,2,36.58,0,1,off3,26.42927,21.13386,NA,off
3615927,2,36.58,0,1,off4,5.51526,30.58541,NA,off
3615927,2,36.58,0,1,def1,13.94105,13.25272,NA,def
3615927,2,36.58,0,1,def2,24.53043,36.25231,NA,def
3615927,2,36.58,0,1,def3,9.28901,6.00204,NA,def
3615927,2,36.58,0,1,def4,5.16605,35.16887,NA,def
3615927,2,36.58,0,1,def5,9.82281,26.81069,NA,def
4909310,3,705.84,0,0,ball,8.82526,47.54483,NA,ball
4909310,3,705.84,0,0,shooter,9.63717,46.99403,2.799743908,off
4909310,3,705.84,0,0,off1,4.25055,2.0779,NA,off
4909310,3,705.84,0,0,off2,7.68736,31.84349,NA,off
4909310,3,705.84,0,0,off3,27.73084,29.21584,NA,off
4909310,3,705.84,0,0,off4,13.35196,21.25867,NA,off
4909310,3,705.84,0,0,def1,11.05011,15.34158,NA,def
4909310,3,705.84,0,0,def2,20.44771,38.21733,NA,def
4909310,3,705.84,0,0,def3,10.31577,45.72891,NA,def
4909310,3,705.84,0,0,def4,7.67453,30.3375,NA,def
4909310,3,705.84,0,0,def5,6.32843,21.80312,NA,def
5134106,3,668.04,1,0,ball,7.4724,23.16762,NA,ball
5134106,3,668.04,1,0,shooter,7.59116,23.76544,6.310440407,off
5134106,3,668.04,1,0,off1,19.43525,4.55017,NA,off
5134106,3,668.04,1,0,off2,6.99542,45.33533,NA,off
5134106,3,668.04,1,0,off3,4.05672,5.78877,NA,off
5134106,3,668.04,1,0,off4,24.19472,16.92199,NA,off
5134106,3,668.04,1,0,def1,8.4807,15.63788,NA,def
5134106,3,668.04,1,0,def2,5.23383,20.47073,NA,def
5134106,3,668.04,1,0,def3,6.41275,39.63522,NA,def
5134106,3,668.04,1,0,def4,8.44266,24.87453,NA,def
5134106,3,668.04,1,0,def5,7.76473,24.47828,NA,def
5268424,3,618.72,0,1,ball,21.9227,41.78755,NA,ball
5268424,3,618.72,0,1,shooter,22.32593,42.37258,0.669161883,off
5268424,3,618.72,0,1,off1,20.41242,4.5157,NA,off
5268424,3,618.72,0,1,off2,14.18344,22.40945,NA,off
5268424,3,618.72,0,1,off3,7.6542,47.76795,NA,off
5268424,3,618.72,0,1,off4,6.87255,29.52954,NA,off
5268424,3,618.72,0,1,def1,9.003,11.73206,NA,def
5268424,3,618.72,0,1,def2,9.91753,25.66103,NA,def
5268424,3,618.72,0,1,def3,7.51845,38.80909,NA,def
5268424,3,618.72,0,1,def4,18.47819,27.41209,NA,def
5268424,3,618.72,0,1,def5,14.84458,37.36361,NA,def
5276263,3,610.88,0,0,ball,8.2086,29.58059,NA,ball
5276263,3,610.88,0,0,shooter,8.03501,29.73278,9.518669669,off
5276263,3,610.88,0,0,off1,26.49845,40.34715,NA,off
5276263,3,610.88,0,0,off2,24.25476,3.05717,NA,off
5276263,3,610.88,0,0,off3,29.13426,30.79575,NA,off
5276263,3,610.88,0,0,off4,9.03723,16.9559,NA,off
5276263,3,610.88,0,0,def1,7.82146,17.74395,NA,def
5276263,3,610.88,0,0,def2,12.67607,15.15393,NA,def
5276263,3,610.88,0,0,def3,20.00365,24.77808,NA,def
5276263,3,610.88,0,0,def4,7.21664,28.43494,NA,def
5276263,3,610.88,0,0,def5,11.71344,34.93188,NA,def
5292943,3,594.2,1,0,ball,16.18842,23.51903,NA,ball
5292943,3,594.2,1,0,shooter,14.94132,23.30587,9.354250176,off
5292943,3,594.2,1,0,off1,17.68222,36.36687,NA,off
5292943,3,594.2,1,0,off2,18.20282,2.82589,NA,off
5292943,3,594.2,1,0,off3,26.41488,16.9468,NA,off
5292943,3,594.2,1,0,off4,6.47601,28.8553,NA,off
5292943,3,594.2,1,0,def1,12.69044,29.80176,NA,def
5292943,3,594.2,1,0,def2,11.69225,9.95514,NA,def
5292943,3,594.2,1,0,def3,15.22097,23.532,NA,def
5292943,3,594.2,1,0,def4,15.57409,22.01816,NA,def
5292943,3,594.2,1,0,def5,5.69615,25.27369,NA,def
5329502,3,583.64,1,0,ball,15.77457,23.21168,NA,ball
5329502,3,583.64,1,0,shooter,16.37799,22.81383,5.724818246,off
5329502,3,583.64,1,0,off1,32.61045,36.96511,NA,off
5329502,3,583.64,1,0,off2,4.72108,48.08815,NA,off
5329502,3,583.64,1,0,off3,9.26061,1.48477,NA,off
5329502,3,583.64,1,0,off4,19.59418,42.16785,NA,off
5329502,3,583.64,1,0,def1,25.51336,33.57294,NA,def
5329502,3,583.64,1,0,def2,14.68557,12.72074,NA,def
5329502,3,583.64,1,0,def3,5.38732,34.11529,NA,def
5329502,3,583.64,1,0,def4,11.02685,29.47522,NA,def
5329502,3,583.64,1,0,def5,13.54156,24.03767,NA,def
5362301,3,573.84,0,0,ball,22.32745,33.83097,NA,ball
5362301,3,573.84,0,0,shooter,22.27481,33.74938,2.021951294,off
5362301,3,573.84,0,0,off1,34.00861,26.77333,NA,off
5362301,3,573.84,0,0,off2,28.47023,7.60199,NA,off
5362301,3,573.84,0,0,off3,10.42777,33.47154,NA,off
5362301,3,573.84,0,0,off4,3.17915,10.40149,NA,off
5362301,3,573.84,0,0,def1,24.38533,27.59113,NA,def
5362301,3,573.84,0,0,def2,18.66452,14.66161,NA,def
5362301,3,573.84,0,0,def3,17.72082,34.18418,NA,def
5362301,3,573.84,0,0,def4,10.55976,31.87188,NA,def
5362301,3,573.84,0,0,def5,7.51098,18.71506,NA,def
5376701,3,559.44,0,0,ball,5.64771,27.8087,NA,ball
5376701,3,559.44,0,0,shooter,5.47668,27.46972,3.864071818,off
5376701,3,559.44,0,0,off1,8.12726,47.28094,NA,off
5376701,3,559.44,0,0,off2,7.36989,19.33306,NA,off
5376701,3,559.44,0,0,off3,20.7103,2.06071,NA,off
5376701,3,559.44,0,0,off4,7.47934,3.94113,NA,off
5376701,3,559.44,0,0,def1,10.45471,23.90273,NA,def
5376701,3,559.44,0,0,def2,11.3537,21.13847,NA,def
5376701,3,559.44,0,0,def3,14.29275,23.58511,NA,def
5376701,3,559.44,0,0,def4,5.19594,20.13859,NA,def
5376701,3,559.44,0,0,def5,8.48291,33.26327,NA,def
5484459,3,518.68,1,0,ball,22.97587,16.01596,NA,ball
5484459,3,518.68,1,0,shooter,22.78977,15.97649,4.176263912,off
5484459,3,518.68,1,0,off1,13.4023,2.18189,NA,off
5484459,3,518.68,1,0,off2,22.07513,45.10202,NA,off
5484459,3,518.68,1,0,off3,3.26385,3.57696,NA,off
5484459,3,518.68,1,0,off4,4.40992,35.22964,NA,off
5484459,3,518.68,1,0,def1,16.13812,12.70886,NA,def
5484459,3,518.68,1,0,def2,6.42781,14.67407,NA,def
5484459,3,518.68,1,0,def3,16.90316,34.82583,NA,def
5484459,3,518.68,1,0,def4,6.63077,28.92311,NA,def
5484459,3,518.68,1,0,def5,19.58968,17.96186,NA,def
5574977,3,497.16,1,1,ball,23.71988,41.17267,NA,ball
5574977,3,497.16,1,1,shooter,23.12949,41.23007,1.184214021,off
5574977,3,497.16,1,1,off1,8.63514,1.2446,NA,off
5574977,3,497.16,1,1,off2,33.06018,11.89358,NA,off
5574977,3,497.16,1,1,off3,2.66139,38.21254,NA,off
5574977,3,497.16,1,1,off4,8.51437,21.21568,NA,off
5574977,3,497.16,1,1,def1,9.47152,16.04246,NA,def
5574977,3,497.16,1,1,def2,18.13401,36.25992,NA,def
5574977,3,497.16,1,1,def3,23.80091,22.35874,NA,def
5574977,3,497.16,1,1,def4,9.28688,36.73133,NA,def
5574977,3,497.16,1,1,def5,8.47351,25.96969,NA,def
5594456,3,477.68,0,0,ball,6.69739,46.84332,NA,ball
5594456,3,477.68,0,0,shooter,7.04817,46.77273,1.645376197,off
5594456,3,477.68,0,0,off1,27.51609,39.06668,NA,off
5594456,3,477.68,0,0,off2,11.00118,2.14615,NA,off
5594456,3,477.68,0,0,off3,28.4252,18.22479,NA,off
5594456,3,477.68,0,0,off4,5.30272,14.65391,NA,off
5594456,3,477.68,0,0,def1,19.35026,33.82048,NA,def
5594456,3,477.68,0,0,def2,19.70543,22.95133,NA,def
5594456,3,477.68,0,0,def3,11.18392,14.09952,NA,def
5594456,3,477.68,0,0,def4,8.45674,43.86077,NA,def
5594456,3,477.68,0,0,def5,6.11021,18.31075,NA,def
5670136,3,456,1,0,ball,18.19077,15.15365,NA,ball
5670136,3,456,1,0,shooter,17.94936,15.8273,5.978172611,off
5670136,3,456,1,0,off1,28.12273,11.81103,NA,off
5670136,3,456,1,0,off2,20.80166,41.93393,NA,off
5670136,3,456,1,0,off3,8.23239,47.293,NA,off
5670136,3,456,1,0,off4,3.16169,36.85496,NA,off
5670136,3,456,1,0,def1,21.05928,22.28102,NA,def
5670136,3,456,1,0,def2,14.21829,17.6529,NA,def
5670136,3,456,1,0,def3,16.89402,31.41057,NA,def
5670136,3,456,1,0,def4,6.20036,32.72118,NA,def
5670136,3,456,1,0,def5,7.96563,33.44355,NA,def
5680255,3,445.88,0,0,ball,4.71149,25.2884,NA,ball
5680255,3,445.88,0,0,shooter,4.76278,26.85446,2.687896408,off
5680255,3,445.88,0,0,off1,33.97875,33.59746,NA,off
5680255,3,445.88,0,0,off2,33.86285,17.03422,NA,off
5680255,3,445.88,0,0,off3,19.59321,4.44351,NA,off
5680255,3,445.88,0,0,off4,6.48597,25.73876,NA,off
5680255,3,445.88,0,0,def1,14.95046,31.67671,NA,def
5680255,3,445.88,0,0,def2,13.48858,9.33543,NA,def
5680255,3,445.88,0,0,def3,6.79203,22.55547,NA,def
5680255,3,445.88,0,0,def4,27.11888,18.25681,NA,def
5680255,3,445.88,0,0,def5,4.97642,25.98022,NA,def
5909210,3,436.92,1,0,ball,6.66684,27.72792,NA,ball
5909210,3,436.92,1,0,shooter,7.99183,26.81105,10.22504569,off
5909210,3,436.92,1,0,off1,5.62582,45.66458,NA,off
5909210,3,436.92,1,0,off2,20.31737,20.67042,NA,off
5909210,3,436.92,1,0,off3,8.50374,2.62611,NA,off
5909210,3,436.92,1,0,off4,20.53184,31.94386,NA,off
5909210,3,436.92,1,0,def1,6.47437,9.90545,NA,def
5909210,3,436.92,1,0,def2,6.61494,24.93178,NA,def
5909210,3,436.92,1,0,def3,6.15399,35.86697,NA,def
5909210,3,436.92,1,0,def4,21.99854,27.86011,NA,def
5909210,3,436.92,1,0,def5,11.64711,23.96455,NA,def
6029448,3,388.68,1,0,ball,5.68069,8.82812,NA,ball
6029448,3,388.68,1,0,shooter,6.21131,8.26048,5.66196994,off
6029448,3,388.68,1,0,off1,2.89888,37.25203,NA,off
6029448,3,388.68,1,0,off2,21.50627,44.69692,NA,off
6029448,3,388.68,1,0,off3,8.70701,27.06217,NA,off
6029448,3,388.68,1,0,off4,6.91029,30.59352,NA,off
6029448,3,388.68,1,0,def1,4.42043,29.7661,NA,def
6029448,3,388.68,1,0,def2,6.53825,11.15962,NA,def
6029448,3,388.68,1,0,def3,9.34129,27.63084,NA,def
6029448,3,388.68,1,0,def4,13.66459,15.03239,NA,def
6029448,3,388.68,1,0,def5,9.15501,23.07233,NA,def
6031568,3,386.56,0,0,ball,6.91859,24.38297,NA,ball
6031568,3,386.56,0,0,shooter,7.67557,24.76211,2.208392642,off
6031568,3,386.56,0,0,off1,23.83014,32.069,NA,off
6031568,3,386.56,0,0,off2,32.73432,40.8693,NA,off
6031568,3,386.56,0,0,off3,12.04915,2.45598,NA,off
6031568,3,386.56,0,0,off4,7.3659,17.72292,NA,off
6031568,3,386.56,0,0,def1,4.36067,29.09221,NA,def
6031568,3,386.56,0,0,def2,12.01613,4.35343,NA,def
6031568,3,386.56,0,0,def3,6.86278,26.49317,NA,def
6031568,3,386.56,0,0,def4,10.13755,16.23053,NA,def
6031568,3,386.56,0,0,def5,4.28309,20.19143,NA,def
6116886,3,352.24,1,0,ball,5.13318,14.26039,NA,ball
6116886,3,352.24,1,0,shooter,5.7702,14.78038,4.888344737,off
6116886,3,352.24,1,0,off1,6.8917,47.00087,NA,off
6116886,3,352.24,1,0,off2,29.75916,12.40601,NA,off
6116886,3,352.24,1,0,off3,31.11345,38.90228,NA,off
6116886,3,352.24,1,0,off4,7.18594,30.17919,NA,off
6116886,3,352.24,1,0,def1,5.69203,31.56858,NA,def
6116886,3,352.24,1,0,def2,15.91353,27.91112,NA,def
6116886,3,352.24,1,0,def3,6.668,18.00734,NA,def
6116886,3,352.24,1,0,def4,14.52693,17.95113,NA,def
6116886,3,352.24,1,0,def5,7.02818,27.30025,NA,def
6178685,3,320.44,1,0,ball,8.48452,39.71014,NA,ball
6178685,3,320.44,1,0,shooter,8.36826,41.01244,3.150895325,off
6178685,3,320.44,1,0,off1,7.53384,1.58285,NA,off
6178685,3,320.44,1,0,off2,19.57724,4.44832,NA,off
6178685,3,320.44,1,0,off3,33.41577,28.80344,NA,off
6178685,3,320.44,1,0,off4,16.45396,37.59828,NA,off
6178685,3,320.44,1,0,def1,12.61558,41.54023,NA,def
6178685,3,320.44,1,0,def2,15.16537,30.45087,NA,def
6178685,3,320.44,1,0,def3,5.81786,19.02146,NA,def
6178685,3,320.44,1,0,def4,7.63066,33.00515,NA,def
6178685,3,320.44,1,0,def5,13.64902,17.69683,NA,def
6196165,3,302.96,1,0,ball,5.00904,4.03551,NA,ball
6196165,3,302.96,1,0,shooter,5.38574,3.35635,1.798930259,off
6196165,3,302.96,1,0,off1,5.35954,45.7426,NA,off
6196165,3,302.96,1,0,off2,31.12053,42.24787,NA,off
6196165,3,302.96,1,0,off3,13.56481,20.57992,NA,off
6196165,3,302.96,1,0,off4,22.64536,22.98883,NA,off
6196165,3,302.96,1,0,def1,6.67514,29.64696,NA,def
6196165,3,302.96,1,0,def2,16.34752,31.94277,NA,def
6196165,3,302.96,1,0,def3,9.15402,20.40287,NA,def
6196165,3,302.96,1,0,def4,6.20175,7.50516,NA,def
6196165,3,302.96,1,0,def5,8.1566,5.88746,NA,def
6280243,3,284.88,1,0,ball,6.29906,28.7412,NA,ball
6280243,3,284.88,1,0,shooter,8.55653,28.65369,10.69042419,off
6280243,3,284.88,1,0,off1,6.84385,12.04056,NA,off
6280243,3,284.88,1,0,off2,20.94206,9.92033,NA,off
6280243,3,284.88,1,0,off3,8.90298,23.60899,NA,off
6280243,3,284.88,1,0,off4,12.36354,20.74504,NA,off
6280243,3,284.88,1,0,def1,13.92207,17.47371,NA,def
6280243,3,284.88,1,0,def2,10.53958,27.93541,NA,def
6280243,3,284.88,1,0,def3,10.27535,21.61572,NA,def
6280243,3,284.88,1,0,def4,4.23037,16.47549,NA,def
6280243,3,284.88,1,0,def5,7.27256,25.02748,NA,def
6304842,3,260.28,0,1,ball,30.08504,25.86452,NA,ball
6304842,3,260.28,0,1,shooter,29.97221,26.35093,0.31375674,off
6304842,3,260.28,0,1,off1,12.52999,1.46637,NA,off
6304842,3,260.28,0,1,off2,21.33234,2.22801,NA,off
6304842,3,260.28,0,1,off3,12.89621,47.21755,NA,off
6304842,3,260.28,0,1,off4,-0.0098,11.88805,NA,off
6304842,3,260.28,0,1,def1,25.01376,25.54722,NA,def
6304842,3,260.28,0,1,def2,8.19643,15.21607,NA,def
6304842,3,260.28,0,1,def3,19.86528,15.62167,NA,def
6304842,3,260.28,0,1,def4,3.17936,18.24508,NA,def
6304842,3,260.28,0,1,def5,14.00158,35.41972,NA,def
6565277,3,245.88,1,0,ball,16.39533,19.24894,NA,ball
6565277,3,245.88,1,0,shooter,17.04159,19.6461,3.330981838,off
6565277,3,245.88,1,0,off1,39.76076,26.03962,NA,off
6565277,3,245.88,1,0,off2,3.48242,3.68343,NA,off
6565277,3,245.88,1,0,off3,15.31604,3.40441,NA,off
6565277,3,245.88,1,0,off4,7.72865,33.42956,NA,off
6565277,3,245.88,1,0,def1,18.53845,22.43905,NA,def
6565277,3,245.88,1,0,def2,12.88055,14.50147,NA,def
6565277,3,245.88,1,0,def3,18.10958,23.11618,NA,def
6565277,3,245.88,1,0,def4,7.56681,31.2298,NA,def
6565277,3,245.88,1,0,def5,9.67106,21.51044,NA,def
6594677,3,216.48,1,0,ball,2.99229,40.83197,NA,ball
6594677,3,216.48,1,0,shooter,3.29183,41.35824,3.587139747,off
6594677,3,216.48,1,0,off1,22.41143,36.12679,NA,off
6594677,3,216.48,1,0,off2,32.7172,23.0922,NA,off
6594677,3,216.48,1,0,off3,14.74977,3.39762,NA,off
6594677,3,216.48,1,0,off4,7.45337,22.42279,NA,off
6594677,3,216.48,1,0,def1,20.38724,23.29811,NA,def
6594677,3,216.48,1,0,def2,11.63045,18.27032,NA,def
6594677,3,216.48,1,0,def3,16.18513,35.26262,NA,def
6594677,3,216.48,1,0,def4,4.10701,30.94161,NA,def
6594677,3,216.48,1,0,def5,5.43905,41.3265,NA,def
6608876,3,202.28,0,1,ball,14.14872,3.47898,NA,ball
6608876,3,202.28,0,1,shooter,14.56392,2.30029,1.029120546,off
6608876,3,202.28,0,1,off1,0.84943,16.97175,NA,off
6608876,3,202.28,0,1,off2,8.74054,28.94226,NA,off
6608876,3,202.28,0,1,off3,30.32554,36.12247,NA,off
6608876,3,202.28,0,1,off4,25.74951,26.64241,NA,off
6608876,3,202.28,0,1,def1,5.07557,18.54701,NA,def
6608876,3,202.28,0,1,def2,16.06245,29.98128,NA,def
6608876,3,202.28,0,1,def3,11.16926,26.80612,NA,def
6608876,3,202.28,0,1,def4,13.67536,6.81857,NA,def
6608876,3,202.28,0,1,def5,17.95008,24.80108,NA,def
6627956,3,183.2,1,0,ball,19.37818,12.76585,NA,ball
6627956,3,183.2,1,0,shooter,19.5642,12.80716,2.628357011,off
6627956,3,183.2,1,0,off1,7.52724,31.94049,NA,off
6627956,3,183.2,1,0,off2,7.87595,1.53115,NA,off
6627956,3,183.2,1,0,off3,19.96006,16.88031,NA,off
6627956,3,183.2,1,0,off4,27.49994,37.45377,NA,off
6627956,3,183.2,1,0,def1,8.65518,31.14719,NA,def
6627956,3,183.2,1,0,def2,21.27971,17.06452,NA,def
6627956,3,183.2,1,0,def3,15.58778,26.86674,NA,def
6627956,3,183.2,1,0,def4,9.7791,11.01293,NA,def
6627956,3,183.2,1,0,def5,13.05296,18.95188,NA,def
6646476,3,164.68,1,0,ball,5.67766,27.96927,NA,ball
6646476,3,164.68,1,0,shooter,6.48788,27.8263,12.21069977,off
6646476,3,164.68,1,0,off1,22.56323,40.39245,NA,off
6646476,3,164.68,1,0,off2,3.91973,22.73966,NA,off
6646476,3,164.68,1,0,off3,30.6111,14.68001,NA,off
6646476,3,164.68,1,0,off4,10.93652,35.5683,NA,off
6646476,3,164.68,1,0,def1,17.90519,25.06696,NA,def
6646476,3,164.68,1,0,def2,19.20266,12.27869,NA,def
6646476,3,164.68,1,0,def3,16.38864,41.99361,NA,def
6646476,3,164.68,1,0,def4,10.78548,25.20631,NA,def
6646476,3,164.68,1,0,def5,5.04817,23.94294,NA,def
6669755,3,141.4,0,0,ball,5.52471,22.83695,NA,ball
6669755,3,141.4,0,0,shooter,3.92948,22.35197,2.786467704,off
6669755,3,141.4,0,0,off1,27.0638,24.70349,NA,off
6669755,3,141.4,0,0,off2,7.00661,47.67759,NA,off
6669755,3,141.4,0,0,off3,25.34742,41.99652,NA,off
6669755,3,141.4,0,0,off4,28.28837,11.81417,NA,off
6669755,3,141.4,0,0,def1,5.20346,22.4792,NA,def
6669755,3,141.4,0,0,def2,10.5227,24.73109,NA,def
6669755,3,141.4,0,0,def3,7.49871,37.49451,NA,def
6669755,3,141.4,0,0,def4,8.33094,25.81399,NA,def
6669755,3,141.4,0,0,def5,14.75639,16.74054,NA,def
6837471,3,119.68,0,1,ball,18.05978,44.82934,NA,ball
6837471,3,119.68,0,1,shooter,18.45994,45.14213,1.054447308,off
6837471,3,119.68,0,1,off1,22.70152,16.05359,NA,off
6837471,3,119.68,0,1,off2,3.83122,47.51231,NA,off
6837471,3,119.68,0,1,off3,27.96083,23.7572,NA,off
6837471,3,119.68,0,1,off4,11.53963,28.42729,NA,off
6837471,3,119.68,0,1,def1,17.42981,40.33078,NA,def
6837471,3,119.68,0,1,def2,18.98,14.27481,NA,def
6837471,3,119.68,0,1,def3,8.39691,39.68372,NA,def
6837471,3,119.68,0,1,def4,16.47983,24.02153,NA,def
6837471,3,119.68,0,1,def5,8.97186,28.62913,NA,def
7029507,3,60,0,1,ball,21.66618,42.00099,NA,ball
7029507,3,60,0,1,shooter,21.77733,42.32973,3.553751808,off
7029507,3,60,0,1,off1,23.31358,4.04134,NA,off
7029507,3,60,0,1,off2,32.96051,30.82409,NA,off
7029507,3,60,0,1,off3,8.28875,31.18331,NA,off
7029507,3,60,0,1,off4,11.4935,41.15215,NA,off
7029507,3,60,0,1,def1,15.59595,15.50135,NA,def
7029507,3,60,0,1,def2,25.92495,30.37383,NA,def
7029507,3,60,0,1,def3,10.17244,39.4262,NA,def
7029507,3,60,0,1,def4,5.3431,29.15156,NA,def
7029507,3,60,0,1,def5,18.45911,37.4322,NA,def
7060907,3,47.74,1,0,ball,12.51216,24.06078,NA,ball
7060907,3,47.74,1,0,shooter,13.41531,24.07345,8.590281592,off
7060907,3,47.74,1,0,off1,8.33117,47.2387,NA,off
7060907,3,47.74,1,0,off2,7.66812,3.01022,NA,off
7060907,3,47.74,1,0,off3,33.82799,26.12917,NA,off
7060907,3,47.74,1,0,off4,6.32343,30.09593,NA,off
7060907,3,47.74,1,0,def1,6.31056,9.2715,NA,def
7060907,3,47.74,1,0,def2,10.95137,22.2346,NA,def
7060907,3,47.74,1,0,def3,9.02909,35.75216,NA,def
7060907,3,47.74,1,0,def4,6.19334,24.4943,NA,def
7060907,3,47.74,1,0,def5,19.65114,23.57537,NA,def
7063107,3,45.54,0,0,ball,8.39624,25.83367,NA,ball
7063107,3,45.54,0,0,shooter,7.38883,28.72584,1.510560152,off
7063107,3,45.54,0,0,off1,25.94735,38.1479,NA,off
7063107,3,45.54,0,0,off2,18.76244,42.75726,NA,off
7063107,3,45.54,0,0,off3,22.90671,8.34765,NA,off
7063107,3,45.54,0,0,off4,42.28267,25.57515,NA,off
7063107,3,45.54,0,0,def1,11.90465,14.94288,NA,def
7063107,3,45.54,0,0,def2,12.41068,22.50369,NA,def
7063107,3,45.54,0,0,def3,4.29867,31.27098,NA,def
7063107,3,45.54,0,0,def4,6.36244,26.53335,NA,def
7063107,3,45.54,0,0,def5,6.66574,25.6179,NA,def
7079027,3,29.62,1,0,ball,3.49136,21.7683,NA,ball
7079027,3,29.62,1,0,shooter,5.08511,21.31665,3.69877947,off
7079027,3,29.62,1,0,off1,30.44766,8.40688,NA,off
7079027,3,29.62,1,0,off2,6.99916,27.26595,NA,off
7079027,3,29.62,1,0,off3,36.64109,21.3312,NA,off
7079027,3,29.62,1,0,off4,10.59117,15.22279,NA,off
7079027,3,29.62,1,0,def1,18.92251,18.29321,NA,def
7079027,3,29.62,1,0,def2,17.82878,29.33882,NA,def
7079027,3,29.62,1,0,def3,4.94354,10.23728,NA,def
7079027,3,29.62,1,0,def4,5.9112,23.16323,NA,def
7079027,3,29.62,1,0,def5,6.64868,18.24169,NA,def
7190585,3,5.56,1,0,ball,4.697,25.23407,NA,ball
7190585,3,5.56,1,0,shooter,7.16742,24.66806,2.706073736,off
7190585,3,5.56,1,0,off1,11.19563,45.16576,NA,off
7190585,3,5.56,1,0,off2,6.63586,24.50865,NA,off
7190585,3,5.56,1,0,off3,12.18676,3.38207,NA,off
7190585,3,5.56,1,0,off4,6.53821,31.46406,NA,off
7190585,3,5.56,1,0,def1,7.5282,14.23286,NA,def
7190585,3,5.56,1,0,def2,7.81285,36.87485,NA,def
7190585,3,5.56,1,0,def3,6.67384,21.73418,NA,def
7190585,3,5.56,1,0,def4,6.94143,31.14,NA,def
7190585,3,5.56,1,0,def5,7.90461,21.52431,NA,def
7653335,4,703.8,1,0,ball,13.75474,27.56711,NA,ball
7653335,4,703.8,1,0,shooter,13.81144,27.79801,9.664068725,off
7653335,4,703.8,1,0,off1,29.90778,16.90902,NA,off
7653335,4,703.8,1,0,off2,3.99069,14.67638,NA,off
7653335,4,703.8,1,0,off3,12.50469,1.75979,NA,off
7653335,4,703.8,1,0,off4,6.47073,34.9626,NA,off
7653335,4,703.8,1,0,def1,15.11465,26.91184,NA,def
7653335,4,703.8,1,0,def2,16.94674,8.42633,NA,def
7653335,4,703.8,1,0,def3,5.54946,19.46974,NA,def
7653335,4,703.8,1,0,def4,13.85879,22.79777,NA,def
7653335,4,703.8,1,0,def5,9.32924,28.77209,NA,def
7843971,4,640.16,1,0,ball,14.09908,21.7935,NA,ball
7843971,4,640.16,1,0,shooter,14.33561,22.59239,3.066780181,off
7843971,4,640.16,1,0,off1,40.69012,17.16069,NA,off
7843971,4,640.16,1,0,off2,3.19385,48.57914,NA,off
7843971,4,640.16,1,0,off3,8.87086,1.3997,NA,off
7843971,4,640.16,1,0,off4,3.80189,31.67552,NA,off
7843971,4,640.16,1,0,def1,26.45535,20.07835,NA,def
7843971,4,640.16,1,0,def2,9.65171,13.23035,NA,def
7843971,4,640.16,1,0,def3,6.1132,34.31151,NA,def
7843971,4,640.16,1,0,def4,10.75255,23.43403,NA,def
7843971,4,640.16,1,0,def5,16.26003,22.04357,NA,def
7883090,4,624.04,1,0,ball,4.99398,27.34716,NA,ball
7883090,4,624.04,1,0,shooter,5.05518,28.05476,8.551876071,off
7883090,4,624.04,1,0,off1,15.73356,33.58726,NA,off
7883090,4,624.04,1,0,off2,7.929,2.68731,NA,off
7883090,4,624.04,1,0,off3,14.57499,2.44729,NA,off
7883090,4,624.04,1,0,off4,24.6971,14.25911,NA,off
7883090,4,624.04,1,0,def1,12.1932,32.29883,NA,def
7883090,4,624.04,1,0,def2,9.36129,17.0984,NA,def
7883090,4,624.04,1,0,def3,4.71714,30.46041,NA,def
7883090,4,624.04,1,0,def4,4.25597,17.1944,NA,def
7883090,4,624.04,1,0,def5,8.59877,25.33745,NA,def
8089487,4,572.64,1,0,ball,15.70896,21.81351,NA,ball
8089487,4,572.64,1,0,shooter,16.25603,21.51383,4.709740227,off
8089487,4,572.64,1,0,off1,14.80265,3.04142,NA,off
8089487,4,572.64,1,0,off2,6.44743,47.79433,NA,off
8089487,4,572.64,1,0,off3,31.257,43.83484,NA,off
8089487,4,572.64,1,0,off4,17.79557,14.67156,NA,off
8089487,4,572.64,1,0,def1,12.44399,15.58904,NA,def
8089487,4,572.64,1,0,def2,6.97159,38.58075,NA,def
8089487,4,572.64,1,0,def3,18.5681,16.95979,NA,def
8089487,4,572.64,1,0,def4,15.29326,32.37089,NA,def
8089487,4,572.64,1,0,def5,12.4217,23.51917,NA,def
8125926,4,563.2,0,0,ball,4.7241,26.01208,NA,ball
8125926,4,563.2,0,0,shooter,4.65753,23.60636,4.295085892,off
8125926,4,563.2,0,0,off1,9.13085,16.82101,NA,off
8125926,4,563.2,0,0,off2,10.97219,20.61083,NA,off
8125926,4,563.2,0,0,off3,5.84885,1.05838,NA,off
8125926,4,563.2,0,0,off4,7.58769,33.68671,NA,off
8125926,4,563.2,0,0,def1,12.07023,32.07938,NA,def
8125926,4,563.2,0,0,def2,9.60371,6.59259,NA,def
8125926,4,563.2,0,0,def3,10.26006,21.54549,NA,def
8125926,4,563.2,0,0,def4,5.34176,26.62239,NA,def
8125926,4,563.2,0,0,def5,7.52238,22.59849,NA,def
8127446,4,561.68,0,0,ball,9.93252,23.26278,NA,ball
8127446,4,561.68,0,0,shooter,9.58192,22.46034,2.439038663,off
8127446,4,561.68,0,0,off1,9.68549,17.47219,NA,off
8127446,4,561.68,0,0,off2,15.61113,3.6288,NA,off
8127446,4,561.68,0,0,off3,7.08924,33.6307,NA,off
8127446,4,561.68,0,0,off4,3.50613,26.90442,NA,off
8127446,4,561.68,0,0,def1,18.99115,32.30859,NA,def
8127446,4,561.68,0,0,def2,21.37482,6.60573,NA,def
8127446,4,561.68,0,0,def3,10.86326,27.53356,NA,def
8127446,4,561.68,0,0,def4,5.6098,28.30672,NA,def
8127446,4,561.68,0,0,def5,7.23685,22.39285,NA,def
8142805,4,546.32,0,1,ball,8.45565,2.97517,NA,ball
8142805,4,546.32,0,1,shooter,8.89731,2.01081,2.736202032,off
8142805,4,546.32,0,1,off1,38.41336,4.90682,NA,off
8142805,4,546.32,0,1,off2,28.66373,42.35472,NA,off
8142805,4,546.32,0,1,off3,2.45688,39.26971,NA,off
8142805,4,546.32,0,1,off4,11.60989,15.73576,NA,off
8142805,4,546.32,0,1,def1,24.97488,11.8467,NA,def
8142805,4,546.32,0,1,def2,16.52288,31.25721,NA,def
8142805,4,546.32,0,1,def3,9.85471,5.34937,NA,def
8142805,4,546.32,0,1,def4,6.66299,25.34531,NA,def
8142805,4,546.32,0,1,def5,30.72677,13.1288,NA,def
8403040,4,524.09,1,0,ball,5.76707,22.20091,NA,ball
8403040,4,524.09,1,0,shooter,7.37768,21.80762,10.58737418,off
8403040,4,524.09,1,0,off1,33.15324,16.52299,NA,off
8403040,4,524.09,1,0,off2,6.04736,2.11732,NA,off
8403040,4,524.09,1,0,off3,34.75612,33.42167,NA,off
8403040,4,524.09,1,0,off4,9.1505,31.15099,NA,off
8403040,4,524.09,1,0,def1,25.30495,20.98052,NA,def
8403040,4,524.09,1,0,def2,29.69311,33.49123,NA,def
8403040,4,524.09,1,0,def3,7.286,12.5366,NA,def
8403040,4,524.09,1,0,def4,10.47517,23.73211,NA,def
8403040,4,524.09,1,0,def5,9.48168,23.69694,NA,def
8422120,4,505.03,1,0,ball,8.51196,22.81178,NA,ball
8422120,4,505.03,1,0,shooter,8.34659,23.17003,2.57322021,off
8422120,4,505.03,1,0,off1,28.7504,42.19127,NA,off
8422120,4,505.03,1,0,off2,13.29169,1.44865,NA,off
8422120,4,505.03,1,0,off3,5.42359,47.06189,NA,off
8422120,4,505.03,1,0,off4,34.13366,23.55664,NA,off
8422120,4,505.03,1,0,def1,19.16151,32.2659,NA,def
8422120,4,505.03,1,0,def2,8.31045,31.42901,NA,def
8422120,4,505.03,1,0,def3,9.74011,10.63729,NA,def
8422120,4,505.03,1,0,def4,7.9723,24.00216,NA,def
8422120,4,505.03,1,0,def5,13.3792,24.54707,NA,def
8493878,4,485.28,1,0,ball,9.11747,25.72811,NA,ball
8493878,4,485.28,1,0,shooter,9.47293,24.44149,4.054003045,off
8493878,4,485.28,1,0,off1,31.3434,24.7092,NA,off
8493878,4,485.28,1,0,off2,10.44348,45.10411,NA,off
8493878,4,485.28,1,0,off3,24.12593,42.91134,NA,off
8493878,4,485.28,1,0,off4,1.06981,35.71366,NA,off
8493878,4,485.28,1,0,def1,11.32156,21.11918,NA,def
8493878,4,485.28,1,0,def2,13.60989,32.8575,NA,def
8493878,4,485.28,1,0,def3,12.1277,32.6005,NA,def
8493878,4,485.28,1,0,def4,8.45296,23.29699,NA,def
8493878,4,485.28,1,0,def5,3.30141,30.07798,NA,def
8661635,4,427.52,1,0,ball,5.31115,21.74174,NA,ball
8661635,4,427.52,1,0,shooter,6.84868,19.81011,9.935006767,off
8661635,4,427.52,1,0,off1,37.63822,46.15432,NA,off
8661635,4,427.52,1,0,off2,60.21103,22.0384,NA,off
8661635,4,427.52,1,0,off3,21.88124,46.89649,NA,off
8661635,4,427.52,1,0,off4,12.57656,28.86983,NA,off
8661635,4,427.52,1,0,def1,1.05443,13.77532,NA,def
8661635,4,427.52,1,0,def2,14.07817,29.80845,NA,def
8661635,4,427.52,1,0,def3,31.91922,30.4333,NA,def
8661635,4,427.52,1,0,def4,55.99789,29.89891,NA,def
8661635,4,427.52,1,0,def5,8.93061,23.91655,NA,def
8695475,4,418.68,1,0,ball,10.22559,25.72212,NA,ball
8695475,4,418.68,1,0,shooter,11.92808,24.96814,12.51121113,off
8695475,4,418.68,1,0,off1,2.47771,47.04312,NA,off
8695475,4,418.68,1,0,off2,15.06174,3.5736,NA,off
8695475,4,418.68,1,0,off3,22.1154,42.13119,NA,off
8695475,4,418.68,1,0,off4,8.29759,17.59913,NA,off
8695475,4,418.68,1,0,def1,12.88346,23.40276,NA,def
8695475,4,418.68,1,0,def2,12.96352,31.8995,NA,def
8695475,4,418.68,1,0,def3,4.01058,35.40054,NA,def
8695475,4,418.68,1,0,def4,10.40242,15.53628,NA,def
8695475,4,418.68,1,0,def5,8.49163,24.88356,NA,def
8916749,4,400.4,0,1,ball,27.76504,29.91761,NA,ball
8916749,4,400.4,0,1,shooter,28.8037,30.02354,2.59419618,off
8916749,4,400.4,0,1,off1,13.85596,1.96079,NA,off
8916749,4,400.4,0,1,off2,6.18221,44.98136,NA,off
8916749,4,400.4,0,1,off3,31.09831,12.80436,NA,off
8916749,4,400.4,0,1,off4,17.94866,37.22706,NA,off
8916749,4,400.4,0,1,def1,25.61209,34.12504,NA,def
8916749,4,400.4,0,1,def2,12.85057,12.0065,NA,def
8916749,4,400.4,0,1,def3,18.95285,20.90547,NA,def
8916749,4,400.4,0,1,def4,6.0472,34.33548,NA,def
8916749,4,400.4,0,1,def5,13.62047,30.84872,NA,def
8941830,4,375.32,1,0,ball,16.65071,6.69787,NA,ball
8941830,4,375.32,1,0,shooter,16.68526,6.19018,2.261375221,off
8941830,4,375.32,1,0,off1,21.05787,43.33254,NA,off
8941830,4,375.32,1,0,off2,4.82068,26.4062,NA,off
8941830,4,375.32,1,0,off3,29.42082,39.84346,NA,off
8941830,4,375.32,1,0,off4,4.6885,33.23914,NA,off
8941830,4,375.32,1,0,def1,5.70258,25.2262,NA,def
8941830,4,375.32,1,0,def2,14.08834,32.91598,NA,def
8941830,4,375.32,1,0,def3,15.29085,9.42956,NA,def
8941830,4,375.32,1,0,def4,20.53424,16.96884,NA,def
8941830,4,375.32,1,0,def5,7.4818,26.19856,NA,def
8954990,4,362.16,0,0,ball,5.05182,23.10083,NA,ball
8954990,4,362.16,0,0,shooter,7.07806,22.14589,6.831033894,off
8954990,4,362.16,0,0,off1,9.26647,36.68906,NA,off
8954990,4,362.16,0,0,off2,27.20499,3.17501,NA,off
8954990,4,362.16,0,0,off3,21.16286,43.57937,NA,off
8954990,4,362.16,0,0,off4,26.11344,28.07679,NA,off
8954990,4,362.16,0,0,def1,22.00963,40.49849,NA,def
8954990,4,362.16,0,0,def2,8.55601,29.70959,NA,def
8954990,4,362.16,0,0,def3,17.84389,9.98494,NA,def
8954990,4,362.16,0,0,def4,6.26912,16.73439,NA,def
8954990,4,362.16,0,0,def5,8.29066,22.85561,NA,def
8977069,4,340.08,0,1,ball,24.32668,9.9339,NA,ball
8977069,4,340.08,0,1,shooter,24.96251,9.14364,1.424898254,off
8977069,4,340.08,0,1,off1,32.17073,34.58452,NA,off
8977069,4,340.08,0,1,off2,5.50226,18.37892,NA,off
8977069,4,340.08,0,1,off3,20.32346,45.7635,NA,off
8977069,4,340.08,0,1,off4,4.95292,40.41444,NA,off
8977069,4,340.08,0,1,def1,5.80326,18.23745,NA,def
8977069,4,340.08,0,1,def2,14.91182,35.23335,NA,def
8977069,4,340.08,0,1,def3,23.83089,30.35803,NA,def
8977069,4,340.08,0,1,def4,21.51178,12.64446,NA,def
8977069,4,340.08,0,1,def5,6.00908,34.07645,NA,def
8999988,4,317.16,1,0,ball,12.69766,42.76104,NA,ball
8999988,4,317.16,1,0,shooter,12.29092,42.39342,3.402937373,off
8999988,4,317.16,1,0,off1,37.27693,27.20709,NA,off
8999988,4,317.16,1,0,off2,7.40668,6.45634,NA,off
8999988,4,317.16,1,0,off3,26.47769,8.52352,NA,off
8999988,4,317.16,1,0,off4,5.29904,19.34604,NA,off
8999988,4,317.16,1,0,def1,5.641,17.51159,NA,def
8999988,4,317.16,1,0,def2,13.68514,40.71537,NA,def
8999988,4,317.16,1,0,def3,22.5727,28.97376,NA,def
8999988,4,317.16,1,0,def4,14.91786,15.80076,NA,def
8999988,4,317.16,1,0,def5,7.80566,31.11216,NA,def
9009228,4,307.92,1,0,ball,5.2048,20.94474,NA,ball
9009228,4,307.92,1,0,shooter,4.68618,19.8545,3.059326675,off
9009228,4,307.92,1,0,off1,39.11774,30.65162,NA,off
9009228,4,307.92,1,0,off2,8.64611,5.55369,NA,off
9009228,4,307.92,1,0,off3,13.40759,47.87909,NA,off
9009228,4,307.92,1,0,off4,34.79581,21.77077,NA,off
9009228,4,307.92,1,0,def1,6.154,14.93848,NA,def
9009228,4,307.92,1,0,def2,7.09893,31.37939,NA,def
9009228,4,307.92,1,0,def3,5.81231,20.9459,NA,def
9009228,4,307.92,1,0,def4,10.16576,16.68988,NA,def
9009228,4,307.92,1,0,def5,16.47646,23.86571,NA,def
9237304,4,240.84,0,0,ball,14.26588,47.06975,NA,ball
9237304,4,240.84,0,0,shooter,15.17884,44.53723,1.409470403,off
9237304,4,240.84,0,0,off1,22.48109,32.82578,NA,off
9237304,4,240.84,0,0,off2,3.16208,23.70131,NA,off
9237304,4,240.84,0,0,off3,8.57082,2.37798,NA,off
9237304,4,240.84,0,0,off4,21.06241,17.26833,NA,off
9237304,4,240.84,0,0,def1,20.42236,24.67808,NA,def
9237304,4,240.84,0,0,def2,4.75527,26.16957,NA,def
9237304,4,240.84,0,0,def3,8.08872,18.90242,NA,def
9237304,4,240.84,0,0,def4,16.51597,41.69303,NA,def
9237304,4,240.84,0,0,def5,14.90161,27.13975,NA,def
9461499,4,219.64,1,0,ball,5.13629,17.91499,NA,ball
9461499,4,219.64,1,0,shooter,4.93938,17.22303,9.241363444,off
9461499,4,219.64,1,0,off1,19.66478,30.11274,NA,off
9461499,4,219.64,1,0,off2,1.35159,37.35899,NA,off
9461499,4,219.64,1,0,off3,27.33646,19.32261,NA,off
9461499,4,219.64,1,0,off4,8.64362,37.02121,NA,off
9461499,4,219.64,1,0,def1,14.76673,32.44296,NA,def
9461499,4,219.64,1,0,def2,6.373,10.59198,NA,def
9461499,4,219.64,1,0,def3,20.60598,19.75129,NA,def
9461499,4,219.64,1,0,def4,2.4941,31.30039,NA,def
9461499,4,219.64,1,0,def5,6.44772,24.02965,NA,def
9480739,4,200.4,0,0,ball,26.21729,23.13198,NA,ball
9480739,4,200.4,0,0,shooter,25.94311,22.74675,2.530277141,off
9480739,4,200.4,0,0,off1,18.96896,40.26844,NA,off
9480739,4,200.4,0,0,off2,3.52994,35.11478,NA,off
9480739,4,200.4,0,0,off3,5.48027,48.22422,NA,off
9480739,4,200.4,0,0,off4,6.17242,1.78945,NA,off
9480739,4,200.4,0,0,def1,14.17207,34.14075,NA,def
9480739,4,200.4,0,0,def2,8.31144,40.01922,NA,def
9480739,4,200.4,0,0,def3,10.36946,12.27913,NA,def
9480739,4,200.4,0,0,def4,2.51055,31.84188,NA,def
9480739,4,200.4,0,0,def5,20.25045,25.20382,NA,def
9490618,4,190.52,1,0,ball,5.41085,21.56718,NA,ball
9490618,4,190.52,1,0,shooter,6.09489,20.52037,11.29158007,off
9490618,4,190.52,1,0,off1,11.89521,48.24998,NA,off
9490618,4,190.52,1,0,off2,6.285,1.66919,NA,off
9490618,4,190.52,1,0,off3,3.02508,44.27992,NA,off
9490618,4,190.52,1,0,off4,16.16766,24.94548,NA,off
9490618,4,190.52,1,0,def1,7.19734,28.68579,NA,def
9490618,4,190.52,1,0,def2,8.06554,20.43757,NA,def
9490618,4,190.52,1,0,def3,10.37502,13.09824,NA,def
9490618,4,190.52,1,0,def4,7.2331,37.0064,NA,def
9490618,4,190.52,1,0,def5,12.43406,22.87476,NA,def
9511697,4,169.44,0,1,ball,5.23727,47.56114,NA,ball
9511697,4,169.44,0,1,shooter,6.10714,48.3207,3.951314054,off
9511697,4,169.44,0,1,off1,12.34015,28.90505,NA,off
9511697,4,169.44,0,1,off2,2.53278,34.35767,NA,off
9511697,4,169.44,0,1,off3,9.32724,1.60074,NA,off
9511697,4,169.44,0,1,off4,30.46093,22.25984,NA,off
9511697,4,169.44,0,1,def1,17.09906,27.60019,NA,def
9511697,4,169.44,0,1,def2,9.39152,41.63353,NA,def
9511697,4,169.44,0,1,def3,7.72495,17.72408,NA,def
9511697,4,169.44,0,1,def4,3.01195,33.33667,NA,def
9511697,4,169.44,0,1,def5,16.27698,21.46556,NA,def
9537617,4,143.52,1,0,ball,14.97852,26.01086,NA,ball
9537617,4,143.52,1,0,shooter,15.20226,25.39901,10.19570006,off
9537617,4,143.52,1,0,off1,18.57246,47.85616,NA,off
9537617,4,143.52,1,0,off2,4.79406,1.44197,NA,off
9537617,4,143.52,1,0,off3,18.93949,4.8981,NA,off
9537617,4,143.52,1,0,off4,6.23041,31.13967,NA,off
9537617,4,143.52,1,0,def1,16.57806,27.95357,NA,def
9537617,4,143.52,1,0,def2,5.35579,14.97489,NA,def
9537617,4,143.52,1,0,def3,23.76643,27.80443,NA,def
9537617,4,143.52,1,0,def4,15.61363,19.23165,NA,def
9537617,4,143.52,1,0,def5,8.9942,26.2162,NA,def
9560497,4,120.64,1,1,ball,31.28826,16.44487,NA,ball
9560497,4,120.64,1,1,shooter,31.06732,16.18995,5.030946078,off
9560497,4,120.64,1,1,off1,11.43928,10.3929,NA,off
9560497,4,120.64,1,1,off2,10.66462,1.69139,NA,off
9560497,4,120.64,1,1,off3,8.20292,48.2857,NA,off
9560497,4,120.64,1,1,off4,26.50671,33.58217,NA,off
9560497,4,120.64,1,1,def1,12.46286,10.95665,NA,def
9560497,4,120.64,1,1,def2,28.72607,19.54601,NA,def
9560497,4,120.64,1,1,def3,14.06218,33.90819,NA,def
9560497,4,120.64,1,1,def4,5.65563,16.38399,NA,def
9560497,4,120.64,1,1,def5,25.67654,19.22089,NA,def
9649455,4,98.9,0,0,ball,7.63509,27.08003,NA,ball
9649455,4,98.9,0,0,shooter,7.12763,27.32675,6.197236844,off
9649455,4,98.9,0,0,off1,27.43332,35.078,NA,off
9649455,4,98.9,0,0,off2,19.01267,3.14563,NA,off
9649455,4,98.9,0,0,off3,6.08142,48.184,NA,off
9649455,4,98.9,0,0,off4,25.41937,45.82859,NA,off
9649455,4,98.9,0,0,def1,24.58124,32.7381,NA,def
9649455,4,98.9,0,0,def2,6.48138,35.11831,NA,def
9649455,4,98.9,0,0,def3,21.51386,37.00278,NA,def
9649455,4,98.9,0,0,def4,6.1325,28.06405,NA,def
9649455,4,98.9,0,0,def5,13.30215,26.08167,NA,def
9664255,4,84.1,1,0,ball,5.37842,27.63342,NA,ball
9664255,4,84.1,1,0,shooter,6.80687,27.51258,11.68243081,off
9664255,4,84.1,1,0,off1,11.95378,47.68048,NA,off
9664255,4,84.1,1,0,off2,3.35221,14.19462,NA,off
9664255,4,84.1,1,0,off3,18.5078,34.32657,NA,off
9664255,4,84.1,1,0,off4,5.2244,29.48483,NA,off
9664255,4,84.1,1,0,def1,5.8013,30.20481,NA,def
9664255,4,84.1,1,0,def2,14.72782,29.0061,NA,def
9664255,4,84.1,1,0,def3,4.48238,15.59712,NA,def
9664255,4,84.1,1,0,def4,9.13311,23.48136,NA,def
9664255,4,84.1,1,0,def5,9.86922,23.12541,NA,def
9683174,4,65.18,1,0,ball,17.40201,37.33019,NA,ball
9683174,4,65.18,1,0,shooter,17.34402,37.14958,2.045987403,off
9683174,4,65.18,1,0,off1,23.72384,4.78059,NA,off
9683174,4,65.18,1,0,off2,4.21141,47.98706,NA,off
9683174,4,65.18,1,0,off3,5.20435,1.63745,NA,off
9683174,4,65.18,1,0,off4,14.61644,14.13486,NA,off
9683174,4,65.18,1,0,def1,16.18469,33.75848,NA,def
9683174,4,65.18,1,0,def2,19.51616,17.97206,NA,def
9683174,4,65.18,1,0,def3,6.15575,24.11525,NA,def
9683174,4,65.18,1,0,def4,9.21512,38.94851,NA,def
9683174,4,65.18,1,0,def5,11.54556,20.32275,NA,def
9696494,4,51.86,0,1,ball,4.48196,46.56398,NA,ball
9696494,4,51.86,0,1,shooter,4.25549,47.41651,1.211155853,off
9696494,4,51.86,0,1,off1,33.50213,25.37957,NA,off
9696494,4,51.86,0,1,off2,21.52373,44.05029,NA,off
9696494,4,51.86,0,1,off3,6.56902,13.24721,NA,off
9696494,4,51.86,0,1,off4,22.38104,14.29146,NA,off
9696494,4,51.86,0,1,def1,15.17187,44.11738,NA,def
9696494,4,51.86,0,1,def2,8.32307,27.40231,NA,def
9696494,4,51.86,0,1,def3,22.79793,25.47363,NA,def
9696494,4,51.86,0,1,def4,18.70356,17.30514,NA,def
9696494,4,51.86,0,1,def5,5.32913,19.74766,NA,def
9842490,4,37.12,1,0,ball,13.93543,18.12073,NA,ball
9842490,4,37.12,1,0,shooter,13.79716,18.08981,4.820912688,off
9842490,4,37.12,1,0,off1,32.3613,18.69408,NA,off
9842490,4,37.12,1,0,off2,5.06918,39.49556,NA,off
9842490,4,37.12,1,0,off3,6.09733,47.8098,NA,off
9842490,4,37.12,1,0,off4,21.22665,37.30858,NA,off
9842490,4,37.12,1,0,def1,18.52182,32.37178,NA,def
9842490,4,37.12,1,0,def2,12.9125,17.47493,NA,def
9842490,4,37.12,1,0,def3,11.79862,31.01097,NA,def
9842490,4,37.12,1,0,def4,4.4535,33.34506,NA,def
9842490,4,37.12,1,0,def5,18.58753,19.65328,NA,def
9859850,4,19.76,0,1,ball,28.49037,16.9816,NA,ball
9859850,4,19.76,0,1,shooter,29.37058,17.0843,1.687351735,off
9859850,4,19.76,0,1,off1,4.78807,44.22318,NA,off
9859850,4,19.76,0,1,off2,26.0246,35.00937,NA,off
9859850,4,19.76,0,1,off3,8.96139,5.18076,NA,off
9859850,4,19.76,0,1,off4,4.47537,20.56521,NA,off
9859850,4,19.76,0,1,def1,8.30449,8.25637,NA,def
9859850,4,19.76,0,1,def2,24.61451,19.46994,NA,def
9859850,4,19.76,0,1,def3,6.00352,21.80653,NA,def
9859850,4,19.76,0,1,def4,8.7419,37.7063,NA,def
9859850,4,19.76,0,1,def5,16.76193,29.81128,NA,def
