id_play,player_id,team,clock,x,y,v,kicker,phase
2240,250267,att,89.6,51.24057906,2.879111561,3.533271923,0,GENERAL_PLAY
2240,260113,att,89.6,72.13533577,10.93575377,6.245603925,0,GENERAL_PLAY
2240,290073,def,89.6,14.11606128,-7.475014523,3.892180302,0,GENERAL_PLAY
2240,290641,att,89.6,19.88332493,38.11333028,2.228130126,0,GENERAL_PLAY
2240,290797,def,89.6,66.94920515,17.03894329,0.767166302,0,GENERAL_PLAY
2240,291492,def,89.6,23.31736721,37.82051268,1.428746602,0,GENERAL_PLAY
2240,291545,def,89.6,17.69757557,19.55888611,3.212166693,0,GENERAL_PLAY
2240,293651,def,89.6,48.43641059,41.44612976,3.132136045,0,GENERAL_PLAY
2240,294101,def,89.6,68.11271448,10.65436536,6.698287845,0,GENERAL_PLAY
2240,294596,att,89.6,73.91150135,17.90305156,4.019207899,0,GENERAL_PLAY
2240,295136,def,89.6,73.50273974,13.16064191,6.109760903,0,GENERAL_PLAY
2240,295467,def,89.6,67.51899153,19.23093424,3.142015837,0,GENERAL_PLAY
2240,295584,att,89.6,39.62625252,-6.791555133,2.816193905,0,GENERAL_PLAY
2240,296205,att,89.6,51.87014831,15.87266319,4.349802896,0,GENERAL_PLAY
2240,296351,att,89.6,38.2571893,44.66716569,3.654575126,0,GENERAL_PLAY
2240,296422,att,89.6,20.30584056,-17.58323174,2.939866669,0,GENERAL_PLAY
2240,297373,def,89.6,62.23852994,5.648501317,6.499851416,0,GENERAL_PLAY
2240,298277,def,89.6,38.33533687,8.014888624,3.118418283,0,GENERAL_PLAY
2240,298421,att,89.6,56.23962121,33.4134379,4.685096202,0,GENERAL_PLAY
2240,991988,att,89.6,55.93982312,22.81885533,2.567005945,0,GENERAL_PLAY
2240,992000,att,89.6,69.3727579,9.486029494,5.710330102,0,GENERAL_PLAY
2240,992351,def,89.6,66.46921394,21.60062184,2.367835345,0,GENERAL_PLAY
2240,992374,att,89.6,60.79469151,16.4054987,4.694227135,0,GENERAL_PLAY
2240,992468,att,89.6,64.11298287,20.57448551,2.832615458,0,GENERAL_PLAY
2240,993480,att,89.6,-3.84323836,15.66645536,2.678042435,0,GENERAL_PLAY
2240,993834,def,89.6,58.84431063,23.78544865,2.90823798,0,GENERAL_PLAY
2240,993917,att,89.6,26.834191,4.066064362,3.528552207,0,GENERAL_PLAY
2240,996708,def,89.6,12.87563322,8.315586405,2.774506039,0,GENERAL_PLAY
2240,997501,def,89.6,72.11993001,17.55285523,4.011121189,0,GENERAL_PLAY
2240,1002264,att,89.6,21.35203069,30.35100114,2.925471904,0,GENERAL_PLAY
2240,1002404,def,89.6,22.98449198,-13.72585182,2.07327143,0,GENERAL_PLAY
2240,1004592,def,89.6,74.00302737,5.826381501,6.096798197,0,GENERAL_PLAY
2240,1005717,att,89.6,7.924080589,5.332421606,2.9225271,0,GENERAL_PLAY
2240,1006130,def,89.6,52.00146395,27.95950808,2.862900842,0,GENERAL_PLAY
2240,1006143,att,89.6,72.3022408,15.24578592,2.978928596,1,GENERAL_PLAY
2240,1008280,def,89.6,50.87634387,-6.330788445,5.731923804,0,GENERAL_PLAY
6253,250267,def,250.12,31.63240607,-8.058782837,0.483326411,0,FREE
6253,260113,def,250.12,17.92296858,17.54728505,0.237759161,0,FREE
6253,270732,att,250.12,18.76394982,-36.11624713,2.923179192,0,FREE
6253,290073,att,250.12,40.59099653,-29.6967282,5.049472289,0,FREE
6253,290641,def,250.12,64.86243148,1.073170648,0.84217763,0,FREE
6253,290797,att,250.12,10.12170917,18.34905282,0.643436002,0,FREE
6253,291492,att,250.12,37.37498746,0.187774437,1.414522979,0,FREE
6253,291545,att,250.12,57.78366477,1.163260999,1.309404329,1,FREE
6253,294101,att,250.12,22.51787822,18.22971224,1.160040793,0,FREE
6253,294596,def,250.12,18.40491592,-14.15268611,0.498265292,0,FREE
6253,295136,att,250.12,17.88909755,-8.343358837,0.773228849,0,FREE
6253,295467,att,250.12,37.49130187,-15.26947565,0.88737005,0,FREE
6253,295584,def,250.12,33.51285243,1.724266656,0.298415296,0,FREE
6253,296205,def,250.12,31.85285794,-8.679717171,0.348488431,0,FREE
6253,296351,def,250.12,51.06970435,-12.98028206,1.116733783,0,FREE
6253,296422,def,250.12,75.2314456,1.934302465,0.464323617,0,FREE
6253,297373,att,250.12,35.49143044,-8.289521224,1.460629761,0,FREE
6253,298277,att,250.12,60.21081531,-8.576273331,3.705623159,0,FREE
6253,298421,def,250.12,-1.629478932,-59.27049376,3.038113397,0,FREE
6253,991988,def,250.12,40.96510857,-4.959191779,0.888740696,0,FREE
6253,992000,def,250.12,18.19443073,-12.94418313,1.373489172,0,FREE
6253,992351,att,250.12,13.84154172,-24.65296506,1.510323027,0,FREE
6253,992374,def,250.12,3.812503503,-51.54470102,5.34325141,0,FREE
6253,992468,def,250.12,11.26806046,20.03216715,0.315808728,0,FREE
6253,993480,def,250.12,68.95890567,4.765178168,1.013512203,0,FREE
6253,993834,att,250.12,31.96796964,1.25208056,1.210502019,0,FREE
6253,993917,def,250.12,45.23882544,12.10391052,0.407300077,0,FREE
6253,996708,att,250.12,21.96423206,-45.08396532,4.268322383,0,FREE
6253,997501,att,250.12,5.151312649,-0.627522558,0.385944556,0,FREE
6253,1002264,def,250.12,49.8520867,-7.728542868,0.093880935,0,FREE
6253,1002404,att,250.12,77.50869487,-4.747912481,1.034562975,0,FREE
6253,1004592,att,250.12,25.10894451,0.695562921,1.072075212,0,FREE
6253,1005717,def,250.12,75.02844511,-3.339481796,0.603945941,0,FREE
6253,1006130,att,250.12,40.22154082,-7.742155077,0.38814502,0,FREE
6253,1006143,def,250.12,4.967180455,0.547076451,0.386135008,0,FREE
6253,1008280,att,250.12,52.88630366,13.85996457,2.355438809,0,FREE
9128,250267,def,365.12,31.13579818,-28.3072311,1.763588749,0,GENERAL_PLAY
9128,260113,def,365.12,25.4563044,19.37815459,1.533888633,0,GENERAL_PLAY
9128,270732,att,365.12,24.82893697,-17.35798579,3.99085882,0,GENERAL_PLAY
9128,290117,def,365.12,71.37608735,-3.996188311,1.315350973,0,GENERAL_PLAY
9128,290641,def,365.12,69.65906043,2.603219491,2.427990605,0,GENERAL_PLAY
9128,290797,att,365.12,4.75663913,-16.39826631,3.067024348,0,GENERAL_PLAY
9128,291492,att,365.12,65.25849722,-2.243187285,3.999287183,0,GENERAL_PLAY
9128,291545,att,365.12,63.68978874,-7.203576263,0.950855777,0,GENERAL_PLAY
9128,293846,def,365.12,46.65900361,-16.02767228,1.837095531,0,GENERAL_PLAY
9128,294101,att,365.12,26.326227,17.17886837,2.585550314,0,GENERAL_PLAY
9128,294596,def,365.12,-4.311409097,-10.78318228,2.018697647,0,GENERAL_PLAY
9128,295136,att,365.12,40.30408505,12.70971073,3.856450248,0,GENERAL_PLAY
9128,295313,att,365.12,30.19704115,-29.57133121,1.279094655,0,GENERAL_PLAY
9128,295467,att,365.12,64.25907906,3.027671055,1.914079706,1,GENERAL_PLAY
9128,295584,def,365.12,54.4054569,-11.78578299,2.777106897,0,GENERAL_PLAY
9128,296205,def,365.12,49.62513266,-34.81504271,1.575545829,0,GENERAL_PLAY
9128,296422,def,365.12,71.45705836,-19.11867865,2.370164264,0,GENERAL_PLAY
9128,297373,att,365.12,56.66898658,-8.27175145,4.005908998,0,GENERAL_PLAY
9128,297452,def,365.12,27.86186492,-23.45278935,3.075761152,0,GENERAL_PLAY
9128,991988,def,365.12,57.46698479,-0.984593929,3.816109889,0,GENERAL_PLAY
9128,992000,def,365.12,41.7150578,14.26798038,2.956781193,0,GENERAL_PLAY
9128,992351,att,365.12,11.56951342,-14.50316302,3.603135876,0,GENERAL_PLAY
9128,992468,def,365.12,14.4728295,-11.82683131,2.55465871,0,GENERAL_PLAY
9128,993480,def,365.12,65.78454986,0.720332089,3.038745337,0,GENERAL_PLAY
9128,993834,att,365.12,44.77381174,-22.47085493,3.181176521,0,GENERAL_PLAY
9128,993917,def,365.12,61.44603447,-21.80952506,3.306629856,0,GENERAL_PLAY
9128,997501,att,365.12,13.29170398,-0.425118939,3.399216802,0,GENERAL_PLAY
9128,1002264,def,365.12,63.80641316,-18.26748517,2.765376076,0,GENERAL_PLAY
9128,1002404,att,365.12,68.04440874,0.329039624,2.469518174,0,GENERAL_PLAY
9128,1003130,att,365.12,64.15300737,-22.2813726,4.254957363,0,GENERAL_PLAY
9128,1004592,att,365.12,46.24024467,-12.83182098,3.301811309,0,GENERAL_PLAY
9128,1005000,att,365.12,65.9688713,-7.023872281,4.514291391,0,GENERAL_PLAY
9128,1005717,def,365.12,63.23961552,-11.79414071,3.510481622,0,GENERAL_PLAY
9128,1006130,att,365.12,47.62985706,-16.53789724,2.681713898,0,GENERAL_PLAY
9128,1006143,def,365.12,10.20900853,-5.359837193,2.176751349,0,GENERAL_PLAY
9128,1008280,att,365.12,60.74310918,4.055209804,4.245293895,0,GENERAL_PLAY
22384,260113,att,895.36,68.18793763,3.58015846,1.005203135,0,MARK
22384,270732,def,895.36,70.90028669,0.365129515,1.045555149,0,MARK
22384,290073,def,895.36,42.67183204,-14.45132545,1.814959323,0,MARK
22384,290641,att,895.36,12.15663097,35.52496093,1.558158354,0,MARK
22384,290797,def,895.36,78.86397127,2.244330823,1.129843036,0,MARK
22384,291492,def,895.36,11.71679884,31.73621995,0.482399373,0,MARK
22384,291545,def,895.36,23.29399609,-5.492434067,1.42939508,0,MARK
22384,293651,def,895.36,81.45544462,-0.352985336,1.510989549,0,MARK
22384,293846,att,895.36,24.40564544,-9.470554962,1.932309527,0,MARK
22384,294101,def,895.36,65.20611452,6.735324515,0.738227138,0,MARK
22384,294596,att,895.36,80.98598764,-1.322984777,2.782180258,0,MARK
22384,295136,def,895.36,63.28670956,-7.811018366,1.459136973,0,MARK
22384,295313,def,895.36,24.4277895,5.025869116,0.696041088,0,MARK
22384,295467,def,895.36,49.6557481,-0.890403361,0.916981556,0,MARK
22384,295584,att,895.36,33.01977648,5.826477462,0.654148793,0,MARK
22384,296205,att,895.36,35.70248457,-9.578677096,3.170602622,0,MARK
22384,296351,att,895.36,37.69976102,-9.290826442,4.627419608,1,MARK
22384,296422,att,895.36,-6.196787315,-2.056439102,1.115153749,0,MARK
22384,297373,def,895.36,31.71859867,-1.966986205,1.247982513,0,MARK
22384,298277,def,895.36,34.20787362,-7.42976681,1.878773655,0,MARK
22384,298421,att,895.36,44.33905155,15.30867753,0.996961809,0,MARK
22384,991988,att,895.36,37.95114867,20.205926,0.318412891,0,MARK
22384,992000,att,895.36,57.18941692,0.273137055,3.017451888,0,MARK
22384,992374,att,895.36,58.83347367,-7.849433372,2.870522251,0,MARK
22384,992468,att,895.36,66.33642645,16.04556136,2.486918558,0,MARK
22384,993480,att,895.36,4.902421329,-14.68382191,0.881625295,0,MARK
22384,996708,def,895.36,0.131395388,-0.631091936,0.778577329,0,MARK
22384,997501,def,895.36,75.00248387,8.93623801,1.382018831,0,MARK
22384,1002264,att,895.36,41.21445107,0.123452734,1.794558663,0,MARK
22384,1003130,def,895.36,52.04002214,-7.719271774,0.944949002,0,MARK
22384,1004592,def,895.36,14.46481746,41.08431579,1.647380444,0,MARK
22384,1004985,att,895.36,18.16227976,-23.07686023,1.662732435,0,MARK
22384,1005000,def,895.36,28.23029427,-13.71220807,1.3082354,0,MARK
22384,1005717,att,895.36,9.033317589,14.02984564,1.500175527,0,MARK
22384,1006130,def,895.36,60.76687699,-0.215679671,1.126363961,0,MARK
22384,1006143,att,895.36,60.02666904,10.21013999,1.022211453,0,MARK
30087,250267,att,1203.48,45.85354025,0.016840435,0.908994928,0,MARK
30087,270732,def,1203.48,76.45814975,3.241401261,0.979639965,0,MARK
30087,290073,def,1203.48,35.28698106,-18.82094019,0.058164464,0,MARK
30087,290117,att,1203.48,45.44383921,22.95186751,0.331830053,0,MARK
30087,290641,att,1203.48,13.46467294,39.03546261,0.919337654,0,MARK
30087,290797,def,1203.48,50.49101872,-2.094750043,0.300224515,0,MARK
30087,291492,def,1203.48,28.75251116,10.42359403,0.920367662,0,MARK
30087,291545,def,1203.48,3.014304531,40.21050423,3.603839298,0,MARK
30087,293651,def,1203.48,63.02270875,27.02039907,0.676741017,0,MARK
30087,294101,def,1203.48,67.85305337,19.09235697,1.06404233,0,MARK
30087,294596,att,1203.48,68.85034085,-0.738473586,1.912640121,0,MARK
30087,295467,def,1203.48,68.91705429,-6.421102457,0.335529113,0,MARK
30087,295584,att,1203.48,33.08464304,28.613999,1.486949933,0,MARK
30087,296205,att,1203.48,51.4399728,0.401028833,1.375160453,0,MARK
30087,296351,att,1203.48,51.95278603,-18.50665918,2.887967807,0,MARK
30087,297373,def,1203.48,49.75588017,1.963583411,1.353933446,0,MARK
30087,297452,att,1203.48,66.35057542,17.46593926,0.43213035,0,MARK
30087,298421,att,1203.48,35.10912849,18.49389319,0.851336908,0,MARK
30087,991988,att,1203.48,30.03414921,36.1669643,0.335515578,0,MARK
30087,992000,att,1203.48,58.02814557,27.80326261,2.568269976,1,MARK
30087,992351,def,1203.48,70.64060273,-2.117955427,0.97713706,0,MARK
30087,992374,att,1203.48,56.67083679,12.97488696,0.372489717,0,MARK
30087,993480,att,1203.48,-2.043599727,2.516408069,1.415163889,0,MARK
30087,993834,def,1203.48,47.8894845,23.39512996,1.212053336,0,MARK
30087,993917,att,1203.48,10.00837647,14.55607948,1.2351199,0,MARK
30087,996708,def,1203.48,-2.281453176,3.283965561,0.217164171,0,MARK
30087,997501,def,1203.48,76.94626668,-13.59335714,1.187485303,0,MARK
30087,1002264,att,1203.48,30.82110773,-0.173137897,1.448816519,0,MARK
30087,1002404,def,1203.48,17.61833771,31.32913243,0.44128733,0,MARK
30087,1003130,def,1203.48,16.66835854,27.63532097,1.050157179,0,MARK
30087,1004592,def,1203.48,79.72263551,-4.422910914,0.998683103,0,MARK
30087,1004985,att,1203.48,9.027079632,-11.43396509,0.561341502,0,MARK
30087,1005717,att,1203.48,27.40630867,-28.89184097,0.851283908,0,MARK
30087,1006130,def,1203.48,42.62881796,5.942625755,0.208766889,0,MARK
30087,1006143,att,1203.48,76.19328506,-13.50115783,0.847120943,0,MARK
30087,1008280,def,1203.48,56.81412652,11.65311093,1.558045727,0,MARK
2050,250267,att,82,36.13560058,5.123927157,1.822983811,0,FREE
2050,260113,att,82,65.29506531,2.119343139,1.419653831,0,FREE
2050,270732,def,82,58.34388717,4.643436847,0.185389241,0,FREE
2050,290117,att,82,33.47785396,33.26177626,1.215904596,0,FREE
2050,290641,att,82,-0.469229577,-16.96319158,1.934934313,0,FREE
2050,290797,def,82,63.23753381,-5.054618716,1.806987164,0,FREE
2050,291492,def,82,7.402340377,1.483737323,1.341224403,0,FREE
2050,293651,def,82,77.73413285,-2.195478478,1.613641677,0,FREE
2050,293846,att,82,40.28146038,2.297947903,0.962438502,0,FREE
2050,294101,def,82,79.91096864,-0.166004729,0.842225847,0,FREE
2050,294596,att,82,49.16125028,20.98820972,3.979734688,0,FREE
2050,295136,def,82,58.98908511,16.34485528,1.286902797,0,FREE
2050,295313,def,82,12.65814101,14.68015891,1.558833229,0,FREE
2050,295467,def,82,35.74101939,30.00176285,1.006279925,0,FREE
2050,295584,att,82,38.30440878,-14.77876454,0.051585797,0,FREE
2050,296205,att,82,36.98653348,-0.215096781,0.51611694,0,FREE
2050,296351,att,82,71.34451728,0.311080711,0.362284683,1,FREE
2050,296422,att,82,-4.340230887,16.16126581,1.79965503,0,FREE
2050,297373,def,82,38.61726411,-1.330701533,1.67940539,0,FREE
2050,298277,def,82,27.41959614,9.519758227,1.675556106,0,FREE
2050,298421,att,82,48.22587092,10.50530441,1.247585845,0,FREE
2050,992000,att,82,74.91507548,-3.391690204,1.76165557,0,FREE
2050,992374,att,82,66.87649738,4.763796839,0.064940568,0,FREE
2050,992468,att,82,37.90686192,19.22414144,1.64741771,0,FREE
2050,993480,att,82,-15.51664354,3.827182752,1.008468458,0,FREE
2050,993834,def,82,38.42408059,4.333351424,1.455606276,0,FREE
2050,993917,att,82,1.465410382,-8.345014031,1.52903139,0,FREE
2050,996708,def,82,-2.137863277,-9.229988396,1.132641023,0,FREE
2050,997501,def,82,51.91494121,14.74732997,1.528411234,0,FREE
2050,1002264,att,82,10.49898359,12.27726713,1.585004594,0,FREE
2050,1002404,def,82,8.755810923,-28.43165133,0.166562037,0,FREE
2050,1004592,def,82,43.25285732,18.86684355,1.445346837,0,FREE
2050,1005000,def,82,13.73907856,12.30658286,1.843875975,0,FREE
2050,1005717,att,82,10.98028421,26.06351471,1.799034696,0,FREE
2050,1006130,def,82,43.03463928,16.79836387,1.29224615,0,FREE
2050,1008280,def,82,53.17351584,-21.27352826,0.186675447,0,FREE
12995,250267,att,519.8,35.37040164,15.42187045,1.586563332,0,PENALTY_50M
12995,270732,def,519.8,71.4835026,6.288960713,1.029390736,0,PENALTY_50M
12995,290073,def,519.8,12.79946757,-16.70410565,0.124992928,0,PENALTY_50M
12995,290117,att,519.8,34.87894843,16.09728419,0.901989753,0,PENALTY_50M
12995,290641,att,519.8,10.04181171,-26.88762224,1.208116596,0,PENALTY_50M
12995,290797,def,519.8,48.50247642,0.405709252,1.105843412,0,PENALTY_50M
12995,291492,def,519.8,24.8009145,-0.176395023,1.340326691,0,PENALTY_50M
12995,291545,def,519.8,30.71687158,0.224737414,0.181237905,0,PENALTY_50M
12995,293846,att,519.8,-1.385468727,-61.26894909,3.380473148,0,PENALTY_50M
12995,294101,def,519.8,79.73534494,-0.434954915,0.299265494,0,PENALTY_50M
12995,294596,att,519.8,52.05990222,18.43010428,1.626271548,0,PENALTY_50M
12995,295136,def,519.8,60.44173192,4.765112644,0.591236904,0,PENALTY_50M
12995,295467,def,519.8,42.47087223,-10.42690019,1.34432515,0,PENALTY_50M
12995,296205,att,519.8,28.14883394,2.370006057,1.106000332,0,PENALTY_50M
12995,296351,att,519.8,34.62769268,25.75345815,0.431581647,0,PENALTY_50M
12995,296422,att,519.8,19.17959223,24.88098105,0.232566948,0,PENALTY_50M
12995,297373,def,519.8,26.16158645,-19.61954664,1.182640995,0,PENALTY_50M
12995,297452,att,519.8,67.01292931,9.959980445,2.167527607,1,PENALTY_50M
12995,298277,def,519.8,25.31756776,24.48100676,1.24115516,0,PENALTY_50M
12995,991988,att,519.8,44.04173517,-1.840707831,0.91353799,0,PENALTY_50M
12995,992000,att,519.8,70.8128286,-2.029284303,1.514544995,0,PENALTY_50M
12995,992351,def,519.8,49.55916554,28.76920911,0.324580653,0,PENALTY_50M
12995,992374,att,519.8,58.18745881,11.92461311,1.74141466,0,PENALTY_50M
12995,992468,att,519.8,14.47087471,-1.253036064,0.878156437,0,PENALTY_50M
12995,993480,att,519.8,-2.518766916,-1.571313664,0.457470175,0,PENALTY_50M
12995,993917,att,519.8,24.88504754,-6.295253477,1.463863642,0,PENALTY_50M
12995,996708,def,519.8,-2.140415617,7.362511206,0.167721224,0,PENALTY_50M
12995,997501,def,519.8,58.88883934,-4.41420624,0.348033247,0,PENALTY_50M
12995,1002404,def,519.8,5.198089118,-64.03051197,2.242037902,0,PENALTY_50M
12995,1003130,def,519.8,13.90245441,-38.77035286,3.423891408,0,PENALTY_50M
12995,1004592,def,519.8,32.67997991,10.97466139,1.362405768,0,PENALTY_50M
12995,1004985,att,519.8,9.345487079,-16.511336,1.164865512,0,PENALTY_50M
12995,1005000,def,519.8,37.88783715,30.01563366,0.239183403,0,PENALTY_50M
12995,1005717,att,519.8,8.057114315,9.690091108,0.099749871,0,PENALTY_50M
12995,1006130,def,519.8,57.90946737,1.290113881,0.547938025,0,PENALTY_50M
12995,1006143,att,519.8,10.78630661,-50.12122051,4.830276209,0,PENALTY_50M
20556,260113,def,822.24,5.471866482,29.31910312,4.044168909,0,MARK
20556,270732,att,822.24,16.511463,24.81792634,2.92979435,0,MARK
20556,290073,att,822.24,57.77633182,-5.4019787,2.506003408,0,MARK
20556,290117,def,822.24,12.43255963,41.85155389,4.024217459,0,MARK
20556,290641,def,822.24,71.36485105,11.56509635,0.743187488,0,MARK
20556,291492,att,822.24,49.79836296,-9.513587333,0.508087577,0,MARK
20556,291545,att,822.24,54.96462164,10.61077984,1.14756203,0,MARK
20556,293651,att,822.24,13.39888388,2.752465023,0.691494686,0,MARK
20556,293846,def,822.24,32.77612827,-2.874361469,0.379555667,0,MARK
20556,294101,att,822.24,13.74730765,-8.860936703,0.949743796,0,MARK
20556,294596,def,822.24,10.52868947,58.37798562,3.977908535,0,MARK
20556,295136,att,822.24,25.93776898,29.7573629,2.630411941,0,MARK
20556,295467,att,822.24,27.17031249,-15.81420661,2.640091881,0,MARK
20556,295584,def,822.24,60.79642415,12.18617896,1.898624189,0,MARK
20556,296422,def,822.24,59.92748683,6.969685421,0.294413103,0,MARK
20556,297452,def,822.24,16.72475241,-7.529391972,0.259188722,0,MARK
20556,298277,att,822.24,39.43765326,-15.78676548,3.455586704,0,MARK
20556,298421,def,822.24,30.10391568,-0.537450492,0.934718192,0,MARK
20556,991988,def,822.24,32.38611631,-4.483943976,0.199265779,0,MARK
20556,992000,def,822.24,44.16549842,11.27593525,0.55345014,0,MARK
20556,992351,att,822.24,18.02485971,36.48483869,0.991692377,0,MARK
20556,992374,def,822.24,14.84277663,1.715912992,0.542223672,0,MARK
20556,992468,def,822.24,11.72422444,-11.80851355,0.085627624,0,MARK
20556,993480,def,822.24,82.17887503,-5.732426525,1.263384772,0,MARK
20556,993834,att,822.24,34.78851361,13.23478208,2.64299601,0,MARK
20556,993917,def,822.24,46.66896972,3.435230824,0.08406602,0,MARK
20556,996708,att,822.24,44.14395805,13.94556391,1.421509322,0,MARK
20556,997501,att,822.24,19.63243933,29.06595343,1.473697241,0,MARK
20556,1002404,att,822.24,77.97623015,-3.898245233,4.672651961,0,MARK
20556,1003130,att,822.24,45.17589191,-2.700778879,1.704585907,0,MARK
20556,1004592,att,822.24,-1.103738919,60.86219176,3.141651996,0,MARK
20556,1004985,def,822.24,61.44022366,-7.001047728,0.197926345,0,MARK
20556,1005000,att,822.24,58.42658197,17.51778641,1.544394132,1,MARK
20556,1005717,def,822.24,67.68973032,-3.793568191,0.347776843,0,MARK
20556,1006130,att,822.24,33.9637006,0.949258617,0.529644233,0,MARK
20556,1006143,def,822.24,21.23840974,30.83249908,1.25223425,0,MARK
23336,260113,att,933.44,66.24669015,6.434455404,2.073332594,0,MARK
23336,270732,def,933.44,64.60101621,0.275357803,0.920523354,0,MARK
23336,290073,def,933.44,-11.72357749,1.430069198,0.282800908,0,MARK
23336,290117,att,933.44,39.57291912,22.24241788,0.345702115,0,MARK
23336,291492,def,933.44,13.33426715,0.874040848,0.334764811,0,MARK
23336,291545,def,933.44,21.38777894,5.432479325,0.481953634,0,MARK
23336,293651,def,933.44,55.5563943,-14.55893537,0.320245555,0,MARK
23336,293846,att,933.44,32.89205074,5.543730946,0.919744426,0,MARK
23336,294101,def,933.44,82.26652147,0.017474104,0.24321991,0,MARK
23336,295136,def,933.44,68.78188033,5.491104893,1.036012913,0,MARK
23336,295313,def,933.44,27.98287281,-30.13458699,1.026677338,0,MARK
23336,295467,def,933.44,34.3624687,18.66824679,0.073230198,0,MARK
23336,295584,att,933.44,17.74854414,-16.74363272,1.186957913,0,MARK
23336,296205,att,933.44,61.29496517,0.102838361,2.378902337,1,MARK
23336,296422,att,933.44,-8.474712687,-0.381336688,0.691021932,0,MARK
23336,297373,def,933.44,11.42313267,-37.52760314,0.753641707,0,MARK
23336,297452,att,933.44,42.47372659,-1.939750532,0.255441862,0,MARK
23336,298421,att,933.44,33.42220369,-3.856658542,0.942790499,0,MARK
23336,991988,att,933.44,35.97394155,8.448139715,0.560545519,0,MARK
23336,992000,att,933.44,53.9590479,12.40516867,1.432015981,0,MARK
23336,992351,def,933.44,56.69372186,9.06591417,1.196510335,0,MARK
23336,992374,att,933.44,53.78458254,-1.856530675,1.51768482,0,MARK
23336,992468,att,933.44,8.933404309,-2.175889673,1.614447535,0,MARK
23336,993480,att,933.44,1.055461513,-22.17230581,0.200149761,0,MARK
23336,993834,def,933.44,50.01113283,10.20714726,0.678859649,0,MARK
23336,993917,att,933.44,1.522127772,-35.26040364,2.92063745,0,MARK
23336,996708,def,933.44,6.397400482,-5.27266326,0.103535039,0,MARK
23336,997501,def,933.44,64.87281113,-5.937000359,1.15572946,0,MARK
23336,1002264,att,933.44,16.61641201,-2.726624758,0.117726271,0,MARK
23336,1002404,def,933.44,9.820424958,-27.52797148,0.427728141,0,MARK
23336,1003130,def,933.44,32.11415278,-4.48180213,0.47767634,0,MARK
23336,1004985,att,933.44,12.66092575,14.52084948,0.48039063,0,MARK
23336,1005717,att,933.44,15.79475817,26.99955596,1.360514987,0,MARK
23336,1006130,def,933.44,32.39216039,-18.06326337,1.004170664,0,MARK
23336,1006143,att,933.44,56.54103775,-5.38629999,1.868262537,0,MARK
23336,1008280,def,933.44,18.1352763,24.55154424,1.124008436,0,MARK
31090,250267,att,1243.6,7.109658371,-7.146724562,0.933990218,0,GENERAL_PLAY
31090,260113,att,1243.6,38.41968235,-9.878721641,1.662435207,0,GENERAL_PLAY
31090,270732,def,1243.6,60.62961807,-8.827510593,0.83614352,0,GENERAL_PLAY
31090,290073,def,1243.6,-19.32721844,-2.992242005,0.189450815,0,GENERAL_PLAY
31090,290117,att,1243.6,39.70315387,9.781487022,0.292162885,0,GENERAL_PLAY
31090,290797,def,1243.6,61.44670516,-1.576690756,2.635015149,0,GENERAL_PLAY
31090,291545,def,1243.6,31.95204301,-0.129292194,1.176127086,0,GENERAL_PLAY
31090,293651,def,1243.6,41.61220041,-16.7382251,0.822842599,0,GENERAL_PLAY
31090,293846,att,1243.6,47.11042917,1.624117354,2.789883676,0,GENERAL_PLAY
31090,294101,def,1243.6,38.60817536,-22.00752393,0.575871806,0,GENERAL_PLAY
31090,294596,att,1243.6,-5.861022316,-39.53873249,1.640222278,0,GENERAL_PLAY
31090,295313,def,1243.6,12.68023529,-30.63586864,0.872637287,0,GENERAL_PLAY
31090,295467,def,1243.6,42.08115129,-5.958830504,1.852973633,0,GENERAL_PLAY
31090,295584,att,1243.6,56.29360715,12.46274352,1.460728304,0,GENERAL_PLAY
31090,296205,att,1243.6,33.5101384,-33.94448097,1.28380581,0,GENERAL_PLAY
31090,296351,att,1243.6,20.75972271,-26.80522969,1.128677289,0,GENERAL_PLAY
31090,296422,att,1243.6,-17.4309794,5.21342931,1.855213243,0,GENERAL_PLAY
31090,297373,def,1243.6,42.10034753,-3.326776775,1.103907475,0,GENERAL_PLAY
31090,298421,att,1243.6,55.73928171,13.28453277,1.761519276,0,GENERAL_PLAY
31090,991988,att,1243.6,33.52415406,-23.21516022,1.077274625,0,GENERAL_PLAY
31090,992351,def,1243.6,13.45787768,-36.84534947,2.723093506,0,GENERAL_PLAY
31090,992374,att,1243.6,73.97002521,1.534705264,5.792323492,1,GENERAL_PLAY
31090,993480,att,1243.6,-11.39185237,-47.80966338,3.527031857,0,GENERAL_PLAY
31090,993834,def,1243.6,62.79310382,6.656597017,1.272478595,0,GENERAL_PLAY
31090,993917,att,1243.6,15.50611208,-5.149946456,0.872406799,0,GENERAL_PLAY
31090,996708,def,1243.6,0.839550662,-23.6009808,1.69768876,0,GENERAL_PLAY
31090,997501,def,1243.6,57.91679734,-6.524168135,1.478851915,0,GENERAL_PLAY
31090,1002264,att,1243.6,7.536426612,-6.146624532,1.267153368,0,GENERAL_PLAY
31090,1002404,def,1243.6,-18.65303938,-26.96805883,1.000145806,0,GENERAL_PLAY
31090,1003130,def,1243.6,43.04668921,-15.3348061,1.141819059,0,GENERAL_PLAY
31090,1004592,def,1243.6,26.24926944,-1.749915965,0.799820773,0,GENERAL_PLAY
31090,1004985,att,1243.6,14.61462783,3.44372098,0.945812244,0,GENERAL_PLAY
31090,1005717,att,1243.6,10.50837802,16.376234,0.881488365,0,GENERAL_PLAY
31090,1006130,def,1243.6,63.39549861,8.770607295,1.297706482,0,GENERAL_PLAY
31090,1006143,att,1243.6,40.18171565,-13.63163584,1.370944276,0,GENERAL_PLAY
31090,1008280,def,1243.6,20.13621625,10.59516634,1.371146964,0,GENERAL_PLAY
2006,250267,def,80.24,36.49091827,-1.133242173,0.91426432,0,FREE
2006,260113,def,80.24,17.29587192,20.70735707,0.118237038,0,FREE
2006,290641,def,80.24,79.53922822,-0.265839401,0.683999873,0,FREE
2006,290797,att,80.24,10.26247217,8.420216234,0.094133971,0,FREE
2006,291492,att,80.24,63.2362402,-0.637021369,2.444912064,0,FREE
2006,291545,att,80.24,73.72613049,0.089278622,3.274102369,0,FREE
2006,293651,att,80.24,24.54120039,20.16373837,0.627869405,0,FREE
2006,293846,def,80.24,63.20657244,3.748878367,0.748376855,0,FREE
2006,294101,att,80.24,19.8870605,20.40491739,0.464108806,0,FREE
2006,294596,def,80.24,26.281278,25.10999519,0.531216262,0,FREE
2006,295136,att,80.24,24.98046911,-14.58803551,0.215502448,0,FREE
2006,295467,att,80.24,40.18930832,-6.729158112,0.89070344,0,FREE
2006,295584,def,80.24,62.97028518,13.92082942,2.308564956,0,FREE
2006,296205,def,80.24,37.82502183,6.122416316,0.433435542,0,FREE
2006,296351,def,80.24,38.05126064,-3.411719995,1.109170178,0,FREE
2006,296422,def,80.24,75.07352886,5.796347822,1.155245863,0,FREE
2006,297373,att,80.24,32.92727906,2.972904461,0.35464836,0,FREE
2006,298277,att,80.24,41.05155543,-27.16623353,1.684740037,0,FREE
2006,298421,def,80.24,37.8674492,-0.490250166,0.398543103,0,FREE
2006,991988,def,80.24,37.78033934,-1.725164668,0.878379119,0,FREE
2006,992000,def,80.24,24.66959601,18.73996748,0.334238587,0,FREE
2006,992351,att,80.24,16.78052312,4.067559,0.335084314,0,FREE
2006,992374,def,80.24,37.57660586,7.965755865,0.808430172,0,FREE
2006,993480,def,80.24,83.3791324,-5.866367336,0.997478112,0,FREE
2006,993834,att,80.24,42.24428957,6.18644316,1.167654035,0,FREE
2006,993917,def,80.24,58.25921864,-5.72540852,0.221326185,0,FREE
2006,996708,att,80.24,49.66674173,-13.78629731,0.169728526,0,FREE
2006,997501,att,80.24,25.05165162,24.36861599,0.669325394,0,FREE
2006,1002264,def,80.24,57.1676601,-2.495824843,0.303775542,0,FREE
2006,1002404,att,80.24,82.46026774,-3.83890301,1.71510781,0,FREE
2006,1003130,att,80.24,52.58945785,-1.177382684,1.273681628,0,FREE
2006,1004592,att,80.24,25.14977367,0.410339159,0.324357603,0,FREE
2006,1005000,att,80.24,71.65634303,7.322470519,2.326654775,0,FREE
2006,1005717,def,80.24,60.58811502,-7.420717691,0.690476177,0,FREE
2006,1006143,def,80.24,16.78797623,12.77340951,0.041204325,0,FREE
2006,1008280,att,80.24,55.75898421,11.30161022,2.482881896,1,FREE
5712,260113,att,228.48,74.56447342,-11.11088336,1.782526806,0,MARK
5712,290073,def,228.48,8.088670973,44.39144029,2.367291138,0,MARK
5712,290117,att,228.48,11.93281932,64.81253448,1.520810724,0,MARK
5712,290641,att,228.48,16.65711417,42.70736806,2.285026667,0,MARK
5712,290797,def,228.48,53.39718084,22.31299881,1.53045489,0,MARK
5712,291492,def,228.48,17.55529286,42.15735943,1.064586972,0,MARK
5712,293651,def,228.48,75.0869572,-13.25231718,1.012857289,0,MARK
5712,293846,att,228.48,29.14307936,4.519805758,1.121509708,0,MARK
5712,294101,def,228.48,81.9524658,-2.913301069,0.935503794,0,MARK
5712,294596,att,228.48,66.35297059,3.111714597,1.25482789,0,MARK
5712,295136,def,228.48,67.45899442,4.221984049,0.655757141,0,MARK
5712,295313,def,228.48,15.01187483,23.62578139,1.36704348,0,MARK
5712,295467,def,228.48,49.08827815,-4.472868711,0.090556208,0,MARK
5712,295584,att,228.48,62.2510597,-9.267597791,0.883574202,0,MARK
5712,296205,att,228.48,29.75503714,-6.818895901,0.88150209,0,MARK
5712,296351,att,228.48,44.64546093,26.94199696,3.480347986,1,MARK
5712,296422,att,228.48,-1.509143155,0.156379197,1.117853222,0,MARK
5712,297373,def,228.48,63.30760089,9.455568421,1.252897154,0,MARK
5712,298277,def,228.48,58.15330913,18.33285719,1.946973467,0,MARK
5712,298421,att,228.48,80.54503548,-4.207192182,1.91460348,0,MARK
5712,991988,att,228.48,40.22165331,5.708263463,0.185347744,0,MARK
5712,992000,att,228.48,62.0032205,2.647529574,2.594208086,0,MARK
5712,992351,def,228.48,72.45549345,-1.49189377,0.553922862,0,MARK
5712,992374,att,228.48,61.74541011,11.50510388,0.533023473,0,MARK
5712,992468,att,228.48,19.99340516,19.0596698,2.36178804,0,MARK
5712,993480,att,228.48,16.54706585,-24.74398474,0.542530176,0,MARK
5712,993834,def,228.48,45.76350787,7.771671661,1.122525824,0,MARK
5712,993917,att,228.48,16.35635282,-16.19886919,0.590253933,0,MARK
5712,997501,def,228.48,78.9892621,-6.247557087,1.117312073,0,MARK
5712,1002264,att,228.48,16.00935959,-2.910768261,0.491205943,0,MARK
5712,1002404,def,228.48,22.57068106,-26.76460682,0.725623153,0,MARK
5712,1003130,def,228.48,33.71593538,15.20320935,0.344302074,0,MARK
5712,1004592,def,228.48,78.51417038,-2.631829297,1.749110232,0,MARK
5712,1005000,def,228.48,19.12974313,-2.978990039,0.222748613,0,MARK
5712,1005717,att,228.48,3.706384274,21.11474076,0.419154048,0,MARK
5712,1006143,att,228.48,78.30394246,-7.505268807,1.315155232,0,MARK
5712,1008280,def,228.48,58.69222661,-13.22321085,1.244565575,0,MARK
8929,260113,att,357.16,31.80001334,-47.71460756,4.116487391,0,MARK
8929,270732,def,357.16,50.40340713,-26.06205853,1.268241284,0,MARK
8929,290073,def,357.16,-23.1435678,-23.81941072,1.349143284,0,MARK
8929,290117,att,357.16,17.30122746,4.594655252,1.397255517,0,MARK
8929,290641,att,357.16,-45.52347102,-7.459140213,1.588578058,0,MARK
8929,290797,def,357.16,26.34965531,-29.60139435,3.042436074,0,MARK
8929,291492,def,357.16,-39.50651404,-8.706208912,2.081269842,0,MARK
8929,293651,def,357.16,69.81219473,-24.06091139,1.098156557,0,MARK
8929,293846,att,357.16,2.931865419,-19.68969022,1.841241004,0,MARK
8929,294101,def,357.16,27.5840212,-23.82375178,2.493727485,0,MARK
8929,294596,att,357.16,32.02250389,-23.7862084,3.162013826,0,MARK
8929,295136,def,357.16,72.14807287,-1.78423643,6.140466887,0,MARK
8929,295313,def,357.16,2.991963523,-25.17806463,1.556170929,0,MARK
8929,295584,att,357.16,36.92530523,-25.48263042,1.79935915,0,MARK
8929,296205,att,357.16,32.15738487,-3.117329098,1.482180554,0,MARK
8929,296422,att,357.16,-20.16402204,-14.16393702,1.411868032,0,MARK
8929,297373,def,357.16,23.22493082,-45.07065557,1.252251884,0,MARK
8929,297452,att,357.16,62.53279577,-1.425417906,5.198851714,0,MARK
8929,298277,def,357.16,-13.9660364,3.401747421,1.607584756,0,MARK
8929,991988,att,357.16,7.124017295,-5.268623625,3.032048697,0,MARK
8929,992000,att,357.16,32.43308423,-32.60559753,3.245709903,0,MARK
8929,992374,att,357.16,78.48983381,-0.524973247,2.376206142,1,MARK
8929,992468,att,357.16,0.782702357,-4.461316953,2.475305789,0,MARK
8929,993480,att,357.16,-53.84643474,-6.044430571,1.572898483,0,MARK
8929,993834,def,357.16,-8.422238683,-28.63000648,1.636209486,0,MARK
8929,993917,att,357.16,-31.54138973,-30.27615107,2.011098728,0,MARK
8929,997501,def,357.16,45.87125892,-27.78636657,3.95237833,0,MARK
8929,1002264,att,357.16,-9.62534085,-24.33223691,2.541157765,0,MARK
8929,1002404,def,357.16,-51.34810727,-12.41126507,1.473993087,0,MARK
8929,1003130,def,357.16,41.08607371,1.995128258,3.654857282,0,MARK
8929,1004592,def,357.16,45.87843844,-13.07956143,2.807866352,0,MARK
8929,1005000,def,357.16,-30.8765157,-33.22222794,1.616106238,0,MARK
8929,1005717,att,357.16,-11.21033492,11.58315374,2.605510191,0,MARK
8929,1006130,def,357.16,38.25384585,-3.431964444,2.49007167,0,MARK
8929,1006143,att,357.16,68.34554912,-29.34521429,0.88187796,0,MARK
8929,1008280,def,357.16,20.68483345,-26.369351,2.800300479,0,MARK
12176,250267,att,487.04,59.54767004,19.68071077,1.15864098,0,GENERAL_PLAY
12176,270732,def,487.04,59.6351441,18.47277943,2.113878719,0,GENERAL_PLAY
12176,290073,def,487.04,-14.9305478,29.99700797,1.068880509,0,GENERAL_PLAY
12176,290117,att,487.04,73.49671117,-2.59883754,1.425849838,0,GENERAL_PLAY
12176,290641,att,487.04,-16.58822864,27.05246062,1.73778272,0,GENERAL_PLAY
12176,290797,def,487.04,44.45445107,19.56190082,2.617357829,0,GENERAL_PLAY
12176,291492,def,487.04,30.73730585,-6.971743969,2.18486536,0,GENERAL_PLAY
12176,291545,def,487.04,2.675006084,10.04497722,0.73682704,0,GENERAL_PLAY
12176,293651,def,487.04,49.6354623,26.98326155,0.056630772,0,GENERAL_PLAY
12176,294596,att,487.04,21.67224824,38.80927197,3.522420508,0,GENERAL_PLAY
12176,295136,def,487.04,31.81412019,16.73185108,2.628305546,0,GENERAL_PLAY
12176,295313,def,487.04,65.86949558,6.058253088,0.983764773,0,GENERAL_PLAY
12176,295467,def,487.04,27.5274754,6.721529226,1.147289739,0,GENERAL_PLAY
12176,296205,att,487.04,67.25428083,3.412462142,4.721118472,0,GENERAL_PLAY
12176,296351,att,487.04,38.99644288,32.05341731,1.425642675,0,GENERAL_PLAY
12176,296422,att,487.04,25.83538689,-13.98564543,0.207718704,0,GENERAL_PLAY
12176,297373,def,487.04,63.51472474,2.923114118,4.42188999,0,GENERAL_PLAY
12176,297452,att,487.04,68.59653376,6.550768094,5.554350844,0,GENERAL_PLAY
12176,298277,def,487.04,34.63877776,40.06960996,1.516404249,0,GENERAL_PLAY
12176,298421,att,487.04,26.93616604,20.50421548,2.806931324,0,GENERAL_PLAY
12176,991988,att,487.04,70.67558168,-2.010292866,6.06909986,1,GENERAL_PLAY
12176,992000,att,487.04,65.52474094,14.25855735,4.557561989,0,GENERAL_PLAY
12176,992351,def,487.04,49.53130475,21.49116511,0.947591858,0,GENERAL_PLAY
12176,992374,att,487.04,74.26831101,3.608929977,5.438304729,0,GENERAL_PLAY
12176,992468,att,487.04,9.541716398,22.3929679,1.811674176,0,GENERAL_PLAY
12176,993480,att,487.04,-17.56412602,0.513674715,1.62909765,0,GENERAL_PLAY
12176,993834,def,487.04,63.37251979,-0.417360884,5.630822364,0,GENERAL_PLAY
12176,993917,att,487.04,13.32387106,5.218807955,1.605790637,0,GENERAL_PLAY
12176,996708,def,487.04,10.95661033,0.509295679,1.250091588,0,GENERAL_PLAY
12176,997501,def,487.04,59.89853231,23.63895573,3.007368653,0,GENERAL_PLAY
12176,1002264,att,487.04,1.714963225,8.410523457,1.49903685,0,GENERAL_PLAY
12176,1004592,def,487.04,18.64463695,36.50763404,1.295108985,0,GENERAL_PLAY
12176,1004985,att,487.04,2.347123712,12.7638138,3.254856726,0,GENERAL_PLAY
12176,1006130,def,487.04,64.84831877,9.220012179,2.39792656,0,GENERAL_PLAY
12176,1006143,att,487.04,13.28413302,39.70019065,2.607927931,0,GENERAL_PLAY
12176,1008280,def,487.04,50.90831978,-10.19812542,4.469053158,0,GENERAL_PLAY
20184,250267,def,807.36,25.47335497,13.93996874,1.091283284,0,GENERAL_PLAY
20184,260113,def,807.36,17.68572802,-36.5597225,0.88638577,0,GENERAL_PLAY
20184,270732,att,807.36,23.73968307,-1.746573151,1.290114598,0,GENERAL_PLAY
20184,290073,att,807.36,43.66714927,-21.9808002,1.07047961,0,GENERAL_PLAY
20184,290117,def,807.36,43.15253533,-36.05629873,0.868713997,0,GENERAL_PLAY
20184,290641,def,807.36,67.80076053,5.683943466,1.746189238,0,GENERAL_PLAY
20184,290797,att,807.36,-0.693281263,-28.76348138,1.444998672,0,GENERAL_PLAY
20184,291492,att,807.36,55.43472193,3.363047107,1.418069229,0,GENERAL_PLAY
20184,291545,att,807.36,54.20485427,-11.71640824,2.176354181,0,GENERAL_PLAY
20184,293846,def,807.36,44.84539895,-20.17567759,0.448444014,0,GENERAL_PLAY
20184,294101,att,807.36,20.23837277,-36.34154881,1.514866601,0,GENERAL_PLAY
20184,294596,def,807.36,43.88452968,-26.21965518,1.243337433,0,GENERAL_PLAY
20184,295136,att,807.36,20.34023151,-16.05361185,2.93877089,0,GENERAL_PLAY
20184,295313,att,807.36,44.27806369,-4.957348166,0.695211368,0,GENERAL_PLAY
20184,295467,att,807.36,43.8604067,-45.28812515,1.56415411,0,GENERAL_PLAY
20184,295584,def,807.36,25.80677565,-25.61838172,0.429579685,0,GENERAL_PLAY
20184,296205,def,807.36,51.42454735,-27.0508881,0.677909802,0,GENERAL_PLAY
20184,296351,def,807.36,51.82143825,8.139328234,1.607991345,0,GENERAL_PLAY
20184,297373,att,807.36,58.30838421,1.070967497,1.130554696,0,GENERAL_PLAY
20184,297452,def,807.36,15.5371635,-13.60826736,1.755355499,0,GENERAL_PLAY
20184,298277,att,807.36,31.06942741,15.99412899,1.848079094,0,GENERAL_PLAY
20184,298421,def,807.36,41.57689704,-14.01307204,0.898649533,0,GENERAL_PLAY
20184,992000,def,807.36,31.94149719,-41.37521234,1.606425111,0,GENERAL_PLAY
20184,992351,att,807.36,47.48480664,-17.95486723,4.274441249,1,GENERAL_PLAY
20184,993480,def,807.36,69.83748332,8.608691831,3.270573151,0,GENERAL_PLAY
20184,993917,def,807.36,72.0830219,-4.532174739,4.116517356,0,GENERAL_PLAY
20184,996708,att,807.36,70.8817298,-9.713331505,2.143449375,0,GENERAL_PLAY
20184,997501,att,807.36,35.0676878,-42.10869671,2.67921787,0,GENERAL_PLAY
20184,1002264,def,807.36,50.58893426,-21.21170984,0.610679183,0,GENERAL_PLAY
20184,1002404,att,807.36,62.35936667,4.944480222,0.197815664,0,GENERAL_PLAY
20184,1003130,att,807.36,43.37329304,-27.46536861,2.549013394,0,GENERAL_PLAY
20184,1004985,def,807.36,72.06562936,-7.833994054,4.129584658,0,GENERAL_PLAY
20184,1005000,att,807.36,74.36773333,-1.434856152,1.368978492,0,GENERAL_PLAY
20184,1005717,def,807.36,50.57101009,-36.83380184,1.165971318,0,GENERAL_PLAY
20184,1006130,att,807.36,36.63174951,-31.4780933,2.72335569,0,GENERAL_PLAY
20184,1006143,def,807.36,44.81996847,-24.46120668,1.593495769,0,GENERAL_PLAY
26795,250267,att,1071.8,42.98693588,6.484829212,1.804328461,0,MARK
26795,260113,att,1071.8,78.75155595,-0.877781584,1.658115186,0,MARK
26795,270732,def,1071.8,61.15618095,5.953333299,0.53246977,0,MARK
26795,290073,def,1071.8,40.03392118,-7.122815159,0.641757986,0,MARK
26795,290797,def,1071.8,44.88123341,4.490796983,0.582578258,0,MARK
26795,291492,def,1071.8,6.048782498,37.67386132,1.692844244,0,MARK
26795,291545,def,1071.8,19.82311701,-2.952735249,0.981451434,0,MARK
26795,293651,def,1071.8,78.87301486,-2.168789917,1.517542701,0,MARK
26795,293846,att,1071.8,18.75745892,1.506797218,0.203453261,0,MARK
26795,294101,def,1071.8,71.59384279,4.645533066,0.891625222,0,MARK
26795,294596,att,1071.8,20.81994498,43.93697852,4.594648181,0,MARK
26795,295467,def,1071.8,48.62852307,2.868038071,0.27683889,0,MARK
26795,295584,att,1071.8,40.16023028,-17.20237958,0.857550803,0,MARK
26795,296205,att,1071.8,34.5676336,13.50623363,4.390804429,0,MARK
26795,296351,att,1071.8,48.69231626,-16.24457275,0.893045181,0,MARK
26795,296422,att,1071.8,2.25392686,20.06171593,1.35691012,0,MARK
26795,297373,def,1071.8,17.58677656,27.53936941,2.540275551,0,MARK
26795,297452,att,1071.8,28.97145132,36.75615822,3.295324714,0,MARK
26795,991988,att,1071.8,29.74760951,27.91353842,1.36329041,0,MARK
26795,992000,att,1071.8,57.68875554,-8.728034659,2.848374918,0,MARK
26795,992351,def,1071.8,57.74517388,11.65214044,0.861486878,0,MARK
26795,992374,att,1071.8,57.90420101,10.31142042,2.360127733,0,MARK
26795,992468,att,1071.8,41.23765557,13.80302856,3.05200507,1,MARK
26795,993480,att,1071.8,-4.171911156,1.374651787,0.210765339,0,MARK
26795,993834,def,1071.8,46.05083207,13.6274314,1.412738272,0,MARK
26795,993917,att,1071.8,19.68289584,-14.96870733,0.993125577,0,MARK
26795,996708,def,1071.8,22.75152195,-18.0335847,1.310954184,0,MARK
26795,997501,def,1071.8,73.2022762,-7.912485534,1.22193259,0,MARK
26795,1002264,att,1071.8,32.46038809,-4.863568342,0.627017451,0,MARK
26795,1002404,def,1071.8,23.10406079,26.67731877,0.842092762,0,MARK
26795,1003130,def,1071.8,60.5757604,-10.34545837,0.476936832,0,MARK
26795,1004592,def,1071.8,75.88227625,-4.005012517,1.521108216,0,MARK
26795,1004985,att,1071.8,16.01141532,25.40374945,0.601455503,0,MARK
26795,1005000,def,1071.8,29.11991209,-1.711808205,1.080000769,0,MARK
26795,1005717,att,1071.8,21.14935611,-28.31397979,0.461054437,0,MARK
26795,1008280,def,1071.8,31.70077011,35.16687734,1.168777099,0,MARK
34993,250267,att,1399.72,61.34897992,-8.336399402,0.924897619,0,GENERAL_PLAY
34993,260113,att,1399.72,62.03216164,-3.259235016,1.572286719,0,GENERAL_PLAY
34993,290073,def,1399.72,34.91242518,28.13980658,0.449033562,0,GENERAL_PLAY
34993,290117,att,1399.72,57.44039131,3.40421988,4.406234453,1,GENERAL_PLAY
34993,290641,att,1399.72,7.964686361,-27.87458726,1.601081767,0,GENERAL_PLAY
34993,290797,def,1399.72,63.71287567,-3.738497912,0.356029421,0,GENERAL_PLAY
34993,291492,def,1399.72,9.990547619,-27.99512916,1.265202273,0,GENERAL_PLAY
34993,291545,def,1399.72,55.87271174,4.974423209,1.07918125,0,GENERAL_PLAY
34993,293651,def,1399.72,63.77097292,-7.400279769,0.343238015,0,GENERAL_PLAY
34993,294101,def,1399.72,55.56979592,-3.549713057,0.915348607,0,GENERAL_PLAY
34993,294596,att,1399.72,41.04166523,-21.90195573,2.072367137,0,GENERAL_PLAY
34993,295136,def,1399.72,57.34783431,-19.26710581,1.423493465,0,GENERAL_PLAY
34993,295313,def,1399.72,28.9227815,0.226704419,1.175247847,0,GENERAL_PLAY
34993,295467,def,1399.72,69.03960267,-9.904571175,1.058974455,0,GENERAL_PLAY
34993,295584,att,1399.72,52.20687869,-16.55278704,2.636455348,0,GENERAL_PLAY
34993,296205,att,1399.72,52.83053382,-25.15300292,1.991736562,0,GENERAL_PLAY
34993,296422,att,1399.72,28.43257497,27.48174841,0.863054541,0,GENERAL_PLAY
34993,297373,def,1399.72,44.87349588,-28.3138221,1.58264781,0,GENERAL_PLAY
34993,297452,att,1399.72,54.94280283,-0.615407299,3.842304864,0,GENERAL_PLAY
34993,298421,att,1399.72,65.34845965,-8.543445465,1.402965557,0,GENERAL_PLAY
34993,991988,att,1399.72,61.15528553,8.16093517,1.462408661,0,GENERAL_PLAY
34993,992000,att,1399.72,59.7996008,6.380498272,2.703726907,0,GENERAL_PLAY
34993,992351,def,1399.72,61.96171116,-6.223740531,1.068647995,0,GENERAL_PLAY
34993,992374,att,1399.72,61.97580308,-6.225451063,0.726355713,0,GENERAL_PLAY
34993,992468,att,1399.72,55.21683874,3.704336454,1.936020778,0,GENERAL_PLAY
34993,993480,att,1399.72,11.08253986,-18.00575681,1.517029022,0,GENERAL_PLAY
34993,993834,def,1399.72,59.46723641,-3.200905165,1.20985399,0,GENERAL_PLAY
34993,993917,att,1399.72,26.95445337,-2.943485901,1.239252303,0,GENERAL_PLAY
34993,997501,def,1399.72,73.10609656,-1.735685449,2.532469514,0,GENERAL_PLAY
34993,1002404,def,1399.72,20.27244513,-24.82479724,1.273346235,0,GENERAL_PLAY
34993,1003130,def,1399.72,58.46108811,1.316453533,2.288948556,0,GENERAL_PLAY
34993,1004592,def,1399.72,60.27358536,-27.41999135,1.205482928,0,GENERAL_PLAY
34993,1004985,att,1399.72,40.13747787,10.42254556,0.993385128,0,GENERAL_PLAY
34993,1005000,def,1399.72,67.34974096,2.343655855,0.99521689,0,GENERAL_PLAY
34993,1005717,att,1399.72,20.23681448,7.340573087,1.467785263,0,GENERAL_PLAY
34993,1008280,def,1399.72,48.36285248,-9.879590273,1.425683118,0,GENERAL_PLAY
3442,250267,def,137.68,30.55107742,60.62074128,1.256163112,0,FREE
3442,260113,def,137.68,26.90599885,62.58109026,1.568410901,0,FREE
3442,270732,att,137.68,18.8406802,-9.051556422,1.126202385,0,FREE
3442,290073,att,137.68,60.78543431,6.715818815,0.128892495,0,FREE
3442,290117,def,137.68,37.66120578,19.24169211,0.706488622,0,FREE
3442,290641,def,137.68,76.74494102,-4.330026689,0.073160444,0,FREE
3442,290797,att,137.68,13.45848181,-28.99249431,0.685458671,0,FREE
3442,291492,att,137.68,26.80866197,12.1110372,0.11771181,0,FREE
3442,291545,att,137.68,59.21332717,-4.546965236,0.161923624,0,FREE
3442,293651,att,137.68,25.8508756,9.422468012,0.664302384,0,FREE
3442,293846,def,137.68,52.75335313,-4.827892765,0.628448851,0,FREE
3442,294596,def,137.68,14.68239689,-23.72995386,0.507638946,0,FREE
3442,295313,att,137.68,32.70152263,-28.70992048,0.935599085,0,FREE
3442,295467,att,137.68,35.2421407,-9.127451715,0.419335817,0,FREE
3442,296205,def,137.68,34.60307279,-27.6688342,0.75906713,0,FREE
3442,296351,def,137.68,41.42120841,-27.18171971,1.571289826,0,FREE
3442,296422,def,137.68,69.14216103,0.358697334,1.228375476,0,FREE
3442,297373,att,137.68,42.86136948,5.279787817,0.579554382,0,FREE
3442,297452,def,137.68,24.99031949,-13.70532192,0.106301441,0,FREE
3442,298277,att,137.68,57.96248967,-11.93885084,3.921569643,0,FREE
3442,298421,def,137.68,34.44922537,9.508666784,0.090665378,0,FREE
3442,991988,def,137.68,33.47904958,-2.328054179,0.455365867,0,FREE
3442,992000,def,137.68,30.12123244,-4.332816799,0.450185144,0,FREE
3442,992351,att,137.68,27.74181103,-28.96395946,0.95601282,0,FREE
3442,992374,def,137.68,34.56708884,-12.60119539,0.320264855,0,FREE
3442,992468,def,137.68,20.86616362,12.20580882,0.140915421,0,FREE
3442,993480,def,137.68,83.49413996,3.026426535,1.089392327,0,FREE
3442,993917,def,137.68,51.13706474,-12.361481,0.986280341,0,FREE
3442,996708,att,137.68,42.25812318,-25.35040302,0.559422247,0,FREE
3442,997501,att,137.68,9.381932341,-16.47092001,1.332703122,0,FREE
3442,1002264,def,137.68,58.24937956,-15.0703522,0.131361125,0,FREE
3442,1002404,att,137.68,48.45901363,-11.94791708,3.103551897,1,FREE
3442,1003130,att,137.68,43.36451363,18.0480231,0.661224445,0,FREE
3442,1004592,att,137.68,77.0845632,2.935465712,1.541838651,0,FREE
3442,1004985,def,137.68,62.10069756,-3.191894869,0.13845117,0,FREE
3442,1005000,att,137.68,19.60939928,-21.39980325,0.86730932,0,FREE
3442,1005717,def,137.68,31.65126565,61.15268409,0.488537779,0,FREE
3442,1006130,att,137.68,38.89747363,-1.708724798,0.203144097,0,FREE
3442,1006143,def,137.68,17.82086905,-25.73730436,0.27369939,0,FREE
6970,250267,att,278.8,5.619315596,-36.7191896,2.363100157,0,MARK
6970,260113,att,278.8,11.60983684,-48.37852052,1.297214844,0,MARK
6970,270732,def,278.8,78.48754722,-1.431739302,0.265269844,0,MARK
6970,290073,def,278.8,11.14499901,-8.604400161,0.25212889,0,MARK
6970,290117,att,278.8,41.37310367,-19.90015098,0.998430459,0,MARK
6970,290641,att,278.8,12.44498951,25.79889842,0.306019902,0,MARK
6970,290797,def,278.8,58.3136604,-10.87046455,0.953300173,0,MARK
6970,291492,def,278.8,16.06873281,0.462334629,0.934254964,0,MARK
6970,291545,def,278.8,8.710478427,2.632817605,0.177329323,0,MARK
6970,293651,def,278.8,66.36178931,-2.241030408,0.661125843,0,MARK
6970,293846,att,278.8,26.88631657,-0.560124835,0.630025574,0,MARK
6970,294596,att,278.8,60.5978316,-3.320178799,0.995629294,1,MARK
6970,295136,def,278.8,23.75155868,-8.923092684,0.069055452,0,MARK
6970,295313,def,278.8,25.39105917,18.09248882,0.581516508,0,MARK
6970,295467,def,278.8,28.99782318,14.546438,0.295077193,0,MARK
6970,295584,att,278.8,7.265854643,-52.89133949,3.509997533,0,MARK
6970,296205,att,278.8,23.53385425,-5.917601167,0.903340622,0,MARK
6970,296351,att,278.8,21.35208262,19.98664163,0.824907695,0,MARK
6970,296422,att,278.8,-1.703205208,3.067161673,0.563123507,0,MARK
6970,297373,def,278.8,31.09525797,-2.069629759,0.133403492,0,MARK
6970,297452,att,278.8,54.69340262,7.705378641,1.303057092,0,MARK
6970,298421,att,278.8,44.39752217,6.18506877,0.085827832,0,MARK
6970,992351,def,278.8,42.83441955,3.547943444,0.024068646,0,MARK
6970,992374,att,278.8,55.08297729,17.06393698,0.849859983,0,MARK
6970,993480,att,278.8,10.19091535,-2.363161711,1.536578321,0,MARK
6970,993834,def,278.8,25.10596292,-17.98114774,1.718550187,0,MARK
6970,993917,att,278.8,25.21232731,-27.58322273,1.010923975,0,MARK
6970,996708,def,278.8,33.41707167,-18.1244731,0.037605261,0,MARK
6970,997501,def,278.8,72.4730594,1.529778274,1.11328113,0,MARK
6970,1002264,att,278.8,20.51982964,13.71119667,0.107867354,0,MARK
6970,1002404,def,278.8,16.61523276,-27.11212006,0.505925084,0,MARK
6970,1004592,def,278.8,14.58752323,26.12654777,0.578630779,0,MARK
6970,1005000,def,278.8,60.86602481,12.47083098,0.083320976,0,MARK
6970,1005717,att,278.8,8.702909332,-26.07189433,0.024726962,0,MARK
6970,1006143,att,278.8,57.13550801,-9.079745137,2.422168591,0,MARK
6970,1008280,def,278.8,34.93210082,-30.67536013,2.317518382,0,MARK
9087,250267,def,363.48,25.95249314,-1.090622778,1.647326992,0,GENERAL_PLAY
9087,260113,def,363.48,19.66727462,19.0980844,0.394077582,0,GENERAL_PLAY
9087,270732,att,363.48,9.708317474,-22.49953259,1.481912288,0,GENERAL_PLAY
9087,290073,att,363.48,67.82290066,3.578950493,3.260036709,0,GENERAL_PLAY
9087,290117,def,363.48,40.29667663,-3.706787431,2.661674232,0,GENERAL_PLAY
9087,290641,def,363.48,46.19363224,-25.76473902,3.030965644,0,GENERAL_PLAY
9087,290797,att,363.48,-0.957033894,20.95427502,2.632372405,0,GENERAL_PLAY
9087,291492,att,363.48,35.14513013,3.41188356,2.77362188,0,GENERAL_PLAY
9087,291545,att,363.48,56.90256962,-16.18622238,3.602763363,0,GENERAL_PLAY
9087,293846,def,363.48,30.9419826,-22.3117069,1.224121654,0,GENERAL_PLAY
9087,294101,att,363.48,21.49941859,19.84145085,1.869064047,0,GENERAL_PLAY
9087,294596,def,363.48,4.10563407,22.34415042,1.814166327,0,GENERAL_PLAY
9087,295136,att,363.48,36.82788072,-7.770889088,2.906679836,0,GENERAL_PLAY
9087,295313,att,363.48,33.30873541,-18.61797489,1.593596378,0,GENERAL_PLAY
9087,295467,att,363.48,42.42016538,-0.712909884,2.953561597,0,GENERAL_PLAY
9087,295584,def,363.48,63.13492822,0.015871121,4.89000992,0,GENERAL_PLAY
9087,296205,def,363.48,41.6295597,-20.70169119,0.440535368,0,GENERAL_PLAY
9087,296351,def,363.48,36.66733819,-34.88747418,1.213743113,0,GENERAL_PLAY
9087,296422,def,363.48,77.59448394,-0.197413186,6.464155444,0,GENERAL_PLAY
9087,297373,att,363.48,43.97258476,-1.40584205,3.310681581,0,GENERAL_PLAY
9087,297452,def,363.48,1.270421587,-3.736650944,1.840213619,0,GENERAL_PLAY
9087,298421,def,363.48,-9.375872666,-25.22055139,1.564174347,0,GENERAL_PLAY
9087,992351,att,363.48,-5.892660175,-2.923888661,2.263495455,0,GENERAL_PLAY
9087,992374,def,363.48,8.02209825,-24.68589111,1.557021875,0,GENERAL_PLAY
9087,993480,def,363.48,39.90441823,-12.03484109,1.288760621,0,GENERAL_PLAY
9087,993834,att,363.48,40.2485065,-7.2971094,3.345209163,1,GENERAL_PLAY
9087,993917,def,363.48,41.73117377,-12.25448212,1.404456736,0,GENERAL_PLAY
9087,996708,att,363.48,58.78927384,-3.244179502,2.475484335,0,GENERAL_PLAY
9087,997501,att,363.48,-18.2075654,0.616090873,1.493731115,0,GENERAL_PLAY
9087,1002264,def,363.48,37.74359757,-21.83620348,1.519254551,0,GENERAL_PLAY
9087,1002404,att,363.48,44.83655891,-9.645139781,1.573251803,0,GENERAL_PLAY
9087,1004592,att,363.48,35.34841974,-31.22779415,1.460394874,0,GENERAL_PLAY
9087,1005000,att,363.48,-4.896952157,-18.48406402,1.5734145,0,GENERAL_PLAY
9087,1005717,def,363.48,44.72283926,-3.928625748,1.838859219,0,GENERAL_PLAY
9087,1006143,def,363.48,-20.10925329,-10.57910429,1.529658691,0,GENERAL_PLAY
9087,1008280,att,363.48,52.24295614,14.32281799,1.660238443,0,GENERAL_PLAY
31641,250267,att,1265.64,54.16438746,-5.36911434,1.023698971,0,MARK
31641,270732,def,1265.64,61.97162981,-6.781462446,0.13569359,0,MARK
31641,290073,def,1265.64,9.613433429,5.528119996,0.140116307,0,MARK
31641,290117,att,1265.64,37.44456868,-30.4837582,1.506139267,0,MARK
31641,290641,att,1265.64,7.404112345,-48.57906259,1.33960865,0,MARK
31641,290797,def,1265.64,11.25747065,-58.09573462,3.359475638,0,MARK
31641,291492,def,1265.64,16.71957739,-21.16131357,0.178118166,0,MARK
31641,291545,def,1265.64,30.65584046,-6.393698105,0.042566472,0,MARK
31641,293651,def,1265.64,64.952078,-17.76503749,0.628648251,0,MARK
31641,293846,att,1265.64,30.32573768,-3.016322014,0.377312569,0,MARK
31641,294101,def,1265.64,71.4251781,1.478063617,0.992381645,0,MARK
31641,294596,att,1265.64,60.6737341,12.68449096,0.396324014,0,MARK
31641,295136,def,1265.64,60.54476725,3.657464455,0.689704989,0,MARK
31641,295467,def,1265.64,42.63694976,-12.97360911,1.253062815,0,MARK
31641,295584,att,1265.64,36.14311653,6.479737956,1.074621013,0,MARK
31641,296205,att,1265.64,30.77452167,-18.26088342,2.05533734,0,MARK
31641,296422,att,1265.64,-2.733180844,-0.465764882,1.121987257,0,MARK
31641,297452,att,1265.64,61.97771883,-2.037903196,0.980178214,0,MARK
31641,298277,def,1265.64,34.50356705,5.056052942,1.204638543,0,MARK
31641,991988,att,1265.64,32.85848464,-11.25743951,0.748315006,0,MARK
31641,992000,att,1265.64,64.18960748,-15.52104763,1.230986416,0,MARK
31641,992374,att,1265.64,52.60966289,8.575583673,1.405150031,0,MARK
31641,992468,att,1265.64,27.40364687,-28.79832799,3.380795571,0,MARK
31641,993480,att,1265.64,-4.034131846,-9.444555022,0.999417084,0,MARK
31641,993834,def,1265.64,15.59021458,-44.09340246,5.416289702,0,MARK
31641,993917,att,1265.64,16.61997962,-7.552631213,1.434130118,0,MARK
31641,996708,def,1265.64,-2.539121206,-9.287554148,0.924020867,0,MARK
31641,997501,def,1265.64,78.73663168,0.083248556,1.430755345,0,MARK
31641,1003130,def,1265.64,42.8201982,1.438432231,0.594779242,0,MARK
31641,1004592,def,1265.64,67.07259923,2.00518804,1.335996436,0,MARK
31641,1004985,att,1265.64,11.24315275,10.85265787,0.929624865,0,MARK
31641,1005000,def,1265.64,52.13640941,-26.02440672,0.609480568,0,MARK
31641,1005717,att,1265.64,22.13882918,25.45474607,0.276078011,0,MARK
31641,1006130,def,1265.64,54.01883468,-10.24897504,0.545935971,0,MARK
31641,1006143,att,1265.64,45.2560523,-31.09552558,1.953394691,1,MARK
31641,1008280,def,1265.64,9.082290219,-57.3613428,4.021592485,0,MARK
1263,250267,att,50.52,36.31069679,10.3780555,1.437834347,0,FREE
1263,260113,att,50.52,59.04778446,3.689984881,0.164152193,0,FREE
1263,290073,def,50.52,11.07961775,-18.50912683,0.843031845,0,FREE
1263,290641,att,50.52,17.28024948,30.00043259,0.110721849,0,FREE
1263,290797,def,50.52,57.73521826,4.713937034,1.075692575,0,FREE
1263,291492,def,50.52,17.12151752,22.21247985,0.531417586,0,FREE
1263,291545,def,50.52,34.2733331,15.306403,1.217609004,0,FREE
1263,293651,def,50.52,60.15171434,13.32981347,0.058246878,0,FREE
1263,294101,def,50.52,66.23966514,14.55072775,1.603497738,0,FREE
1263,294596,att,50.52,64.75667802,23.1728076,0.456596533,0,FREE
1263,295136,def,50.52,71.78600898,3.904587638,1.543957833,0,FREE
1263,295467,def,50.52,46.0038525,15.95000688,0.33908779,0,FREE
1263,295584,att,50.52,45.70091352,-15.89657868,0.490064513,0,FREE
1263,296205,att,50.52,51.86596456,12.45476462,1.996746489,0,FREE
1263,296351,att,50.52,40.38276876,26.65109781,0.842029959,0,FREE
1263,296422,att,50.52,14.11822184,-24.17529252,1.295755505,0,FREE
1263,297373,def,50.52,60.50657559,6.695468297,1.693160009,0,FREE
1263,298277,def,50.52,32.08877305,-20.23935161,1.54736958,0,FREE
1263,298421,att,50.52,45.77506356,1.581423931,1.038835132,0,FREE
1263,991988,att,50.52,30.24075748,12.95842478,0.514023716,0,FREE
1263,992000,att,50.52,60.45398876,-3.855667702,1.693800193,0,FREE
1263,992351,def,50.52,50.45870006,2.662437278,1.512777294,0,FREE
1263,992374,att,50.52,56.00926458,17.65294429,0.227981611,1,FREE
1263,992468,att,50.52,53.09308181,28.33009107,0.237968529,0,FREE
1263,993480,att,50.52,-1.087040735,1.780428089,1.011287521,0,FREE
1263,993834,def,50.52,53.53993638,16.15490864,2.380375826,0,FREE
1263,993917,att,50.52,11.78201597,-17.5087074,1.938800547,0,FREE
1263,996708,def,50.52,32.86889392,-2.094771219,0.988605967,0,FREE
1263,997501,def,50.52,70.38102413,-2.362359928,0.206755193,0,FREE
1263,1002264,att,50.52,24.24589874,3.36737488,1.346727647,0,FREE
1263,1002404,def,50.52,17.66757826,-13.99512054,1.439702668,0,FREE
1263,1004592,def,50.52,79.19993639,-4.627529842,1.381720903,0,FREE
1263,1005717,att,50.52,7.122635719,15.73563964,0.022113872,0,FREE
1263,1006130,def,50.52,49.93920462,4.49122556,0.658666595,0,FREE
1263,1006143,att,50.52,67.12908703,-0.807939355,1.359587376,0,FREE
1263,1008280,def,50.52,51.17451397,-14.25957526,1.329484043,0,FREE
16425,270732,att,657,26.74563423,15.94385433,1.34947794,0,MARK
16425,290073,att,657,24.56814056,-27.6284232,1.797293096,0,MARK
16425,290117,def,657,30.76860301,-5.413646512,1.662641583,0,MARK
16425,290641,def,657,79.32935881,10.40763692,0.326273093,0,MARK
16425,290797,att,657,7.081997056,18.76116604,1.268858817,0,MARK
16425,291492,att,657,83.77791381,2.653601694,1.101461527,0,MARK
16425,291545,att,657,54.3405074,4.193114727,0.782879925,0,MARK
16425,293651,att,657,18.78707341,-21.79333391,1.379275294,0,MARK
16425,293846,def,657,50.42058222,-9.850526638,0.60405531,0,MARK
16425,294596,def,657,12.53995763,19.98114817,1.109587482,0,MARK
16425,295136,att,657,13.45316385,-22.68330279,1.152294787,0,MARK
16425,295313,att,657,38.53774004,-7.059589994,1.560529749,0,MARK
16425,295584,def,657,10.12749647,-18.93111113,1.675720903,0,MARK
16425,296205,def,657,73.26519249,-6.280944329,1.49272093,0,MARK
16425,296351,def,657,40.4162802,-3.168940145,2.126552132,0,MARK
16425,296422,def,657,36.89794833,-1.758761586,1.488948745,0,MARK
16425,297373,att,657,50.61229818,-9.108377594,1.064799524,0,MARK
16425,297452,def,657,34.95890969,12.48449127,1.167017023,0,MARK
16425,298277,att,657,78.23097505,-4.982728118,3.312438841,0,MARK
16425,298421,def,657,-5.627859847,0.165625902,1.223000448,0,MARK
16425,991988,def,657,7.85614586,-37.52342459,2.425858338,0,MARK
16425,992351,att,657,5.006848551,1.398617682,1.394653508,0,MARK
16425,992374,def,657,13.88201965,2.114722256,1.488650882,0,MARK
16425,992468,def,657,80.70975243,1.9414464,0.90704344,0,MARK
16425,993480,def,657,82.95153835,-1.581974582,1.268261792,0,MARK
16425,993834,att,657,39.44183321,1.206852935,1.69542003,0,MARK
16425,993917,def,657,52.6210887,12.86488158,0.687513967,0,MARK
16425,996708,att,657,32.52986264,-13.82831998,1.153045781,0,MARK
16425,997501,att,657,7.66009689,-14.73281451,1.055729237,0,MARK
16425,1002264,def,657,63.95038225,1.897877502,2.524450839,0,MARK
16425,1002404,att,657,79.20248008,8.679446746,0.705938916,0,MARK
16425,1003130,att,657,55.56097638,-1.794072316,1.01153249,0,MARK
16425,1004985,def,657,58.55738831,-2.767177966,1.005804486,0,MARK
16425,1005000,att,657,33.85743885,-1.322731154,0.633030336,1,MARK
16425,1006143,def,657,8.316891291,-16.32349887,1.004587112,0,MARK
16425,1008280,att,657,52.5336563,14.54211192,1.098420573,0,MARK
18876,270732,att,755.04,15.82904652,3.102654571,1.145877535,0,MARK
18876,290073,att,755.04,66.12242442,-4.627686223,0.55670769,0,MARK
18876,290117,def,755.04,53.60620506,-17.62907164,1.528253841,0,MARK
18876,290641,def,755.04,81.65047064,-7.968363618,1.535344777,0,MARK
18876,290797,att,755.04,19.4206606,23.94557638,1.387712149,0,MARK
18876,291492,att,755.04,57.14199157,-18.40613197,1.21720535,0,MARK
18876,291545,att,755.04,58.5859642,5.841450134,0.859184924,0,MARK
18876,293651,att,755.04,7.489453864,9.103925178,1.447992182,0,MARK
18876,293846,def,755.04,47.07278358,-0.926738017,1.189492177,0,MARK
18876,294596,def,755.04,20.22069392,20.22776596,1.306963983,0,MARK
18876,295136,att,755.04,20.23684047,-9.397975098,1.136823785,0,MARK
18876,295313,att,755.04,45.36220982,-17.38525537,1.284992138,0,MARK
18876,295584,def,755.04,38.45801227,-8.990912016,1.255168776,0,MARK
18876,296205,def,755.04,42.84262978,-5.041801078,1.417207069,0,MARK
18876,296351,def,755.04,47.87791047,12.33333263,1.297033487,0,MARK
18876,296422,def,755.04,70.63349272,-5.556908687,1.744335467,0,MARK
18876,297373,att,755.04,48.77013444,-6.913715419,1.284143119,0,MARK
18876,297452,def,755.04,7.224332813,10.27934179,1.465589146,0,MARK
18876,298277,att,755.04,79.10071892,-7.479079205,3.226173494,0,MARK
18876,298421,def,755.04,17.89213985,-0.288163904,0.686500945,0,MARK
18876,991988,def,755.04,38.48159268,-16.27944862,0.675634355,0,MARK
18876,992351,att,755.04,26.13780175,-22.91289385,0.623633491,0,MARK
18876,992374,def,755.04,22.35429123,-9.043353591,1.001667456,0,MARK
18876,992468,def,755.04,41.96536725,30.11736031,1.081484411,0,MARK
18876,993480,def,755.04,81.94571972,2.266868601,1.298121147,0,MARK
18876,993834,att,755.04,33.16970819,2.417990453,0.677441535,0,MARK
18876,993917,def,755.04,60.66833794,8.86323334,2.330247856,0,MARK
18876,996708,att,755.04,36.81151179,7.300499062,0.954677368,1,MARK
18876,997501,att,755.04,15.38545369,-11.58400573,2.049331402,0,MARK
18876,1002264,def,755.04,42.68612033,4.817510682,1.717657588,0,MARK
18876,1002404,att,755.04,79.47640272,5.652053582,1.98537903,0,MARK
18876,1003130,att,755.04,49.36900028,6.20324434,0.779968821,0,MARK
18876,1004985,def,755.04,79.18389966,-6.086946319,2.669478331,0,MARK
18876,1005000,att,755.04,34.56475611,-13.63802811,0.581771756,0,MARK
18876,1006143,def,755.04,16.8770051,-11.43877747,1.706239028,0,MARK
18876,1008280,att,755.04,37.27014714,27.71828333,1.361973008,0,MARK
19967,270732,att,798.68,29.70766248,16.81388552,0.525126674,0,MARK
19967,290073,att,798.68,58.00783123,24.62766196,0.370526103,0,MARK
19967,290117,def,798.68,57.96048151,-11.93754785,1.624656308,0,MARK
19967,290641,def,798.68,78.74593566,-8.714972796,1.810430659,0,MARK
19967,290797,att,798.68,23.83910821,27.01861378,0.233409667,0,MARK
19967,291492,att,798.68,72.73947751,-9.408299608,0.94592117,0,MARK
19967,291545,att,798.68,58.42221814,9.344111274,0.9329534,0,MARK
19967,293651,att,798.68,22.88556166,7.689831284,0.496926256,0,MARK
19967,293846,def,798.68,49.83683553,4.842061072,0.475100666,0,MARK
19967,294596,def,798.68,33.79884984,18.67863074,0.908244647,0,MARK
19967,295136,att,798.68,28.3645746,-3.499293673,1.02505182,0,MARK
19967,295313,att,798.68,58.44508949,-10.41700218,1.144704905,0,MARK
19967,295584,def,798.68,36.72419171,2.809651,0.607695031,0,MARK
19967,296205,def,798.68,59.47479992,1.635718407,1.634672605,0,MARK
19967,296351,def,798.68,47.76389599,24.17169757,1.541158274,0,MARK
19967,296422,def,798.68,69.07091916,-5.309428039,1.480007274,0,MARK
19967,297373,att,798.68,54.21684838,-2.403680509,1.059543208,0,MARK
19967,297452,def,798.68,27.58317428,10.24054362,0.164596764,0,MARK
19967,298277,att,798.68,75.78908265,0.004734188,1.767804775,0,MARK
19967,298421,def,798.68,35.1129284,3.491293445,0.255007625,0,MARK
19967,991988,def,798.68,45.3389218,-15.74348889,0.882357072,0,MARK
19967,992351,att,798.68,19.80664821,-3.01356955,0.693383981,0,MARK
19967,992374,def,798.68,48.86303027,13.33774069,0.646319206,0,MARK
19967,992468,def,798.68,31.41045361,14.12868016,1.209943985,0,MARK
19967,993480,def,798.68,69.72579479,17.99333707,0.789552596,0,MARK
19967,993834,att,798.68,34.77558258,1.466277005,0.443061828,0,MARK
19967,993917,def,798.68,52.79739682,19.8188997,0.391158391,0,MARK
19967,996708,att,798.68,45.97681486,17.16880451,1.167523197,0,MARK
19967,997501,att,798.68,31.78951176,-13.34003262,0.5619066,0,MARK
19967,1002264,def,798.68,73.5792042,6.152055768,0.435329743,0,MARK
19967,1002404,att,798.68,68.0363207,23.61465063,1.820715018,1,MARK
19967,1003130,att,798.68,51.99819092,2.979678632,0.591545519,0,MARK
19967,1004985,def,798.68,65.98917679,19.97943708,0.911110482,0,MARK
19967,1005000,att,798.68,34.08718143,3.652784167,2.274189079,0,MARK
19967,1006143,def,798.68,31.82589826,-11.69629314,0.438598961,0,MARK
19967,1008280,att,798.68,5.909514337,-63.69815144,2.869511361,0,MARK
25659,250267,def,1026.36,21.39627974,-1.138471383,1.558413487,0,MARK
25659,260113,def,1026.36,-2.811680513,-52.76702398,4.767477779,0,MARK
25659,270732,att,1026.36,10.59424551,12.07951399,0.533568948,0,MARK
25659,290073,att,1026.36,35.83782031,1.165471918,0.284002569,1,MARK
25659,290641,def,1026.36,78.67420349,-5.698564172,0.942430494,0,MARK
25659,290797,att,1026.36,5.574323213,-9.265531472,1.133562687,0,MARK
25659,291545,att,1026.36,61.39919854,2.943385786,0.214860061,0,MARK
25659,293651,att,1026.36,10.40591132,9.695515388,0.300477748,0,MARK
25659,293846,def,1026.36,3.944871026,-39.95348391,5.421201802,0,MARK
25659,294101,att,1026.36,17.4093364,15.36585633,0.768105124,0,MARK
25659,294596,def,1026.36,4.393089823,8.643005159,1.016651901,0,MARK
25659,295313,att,1026.36,42.00998879,-12.6835017,1.119832582,0,MARK
25659,295467,att,1026.36,43.00233115,18.24627241,0.424520999,0,MARK
25659,295584,def,1026.36,24.68927694,8.253102809,1.107758756,0,MARK
25659,296205,def,1026.36,27.38706448,16.42626069,0.142613575,0,MARK
25659,296351,def,1026.36,48.8219532,19.59645844,0.806416931,0,MARK
25659,296422,def,1026.36,59.28644964,-14.02432438,1.270867964,0,MARK
25659,297373,att,1026.36,25.20874367,-2.344672696,1.355465865,0,MARK
25659,298277,att,1026.36,80.05969523,0.781423174,2.563770404,0,MARK
25659,298421,def,1026.36,16.3801664,4.418294787,1.252495538,0,MARK
25659,991988,def,1026.36,45.94212928,-15.20396621,0.560174219,0,MARK
25659,992000,def,1026.36,12.44760615,14.4828266,1.127880126,0,MARK
25659,992351,att,1026.36,6.779704487,-44.6578555,2.738861133,0,MARK
25659,992374,def,1026.36,30.31015465,-6.536381572,0.389073455,0,MARK
25659,993480,def,1026.36,82.59997487,0.405053767,1.058218339,0,MARK
25659,993834,att,1026.36,14.40578534,-36.52907254,5.707296935,0,MARK
25659,996708,att,1026.36,56.06925921,-11.69612506,0.09377048,0,MARK
25659,997501,att,1026.36,17.46701862,-10.12978422,0.919621373,0,MARK
25659,1002264,def,1026.36,22.40396467,3.576523349,1.277520103,0,MARK
25659,1002404,att,1026.36,9.27268907,-59.15469791,4.007673103,0,MARK
25659,1004592,att,1026.36,11.7717054,4.974974533,1.143995012,0,MARK
25659,1004985,def,1026.36,42.57158772,1.080744328,0.980421417,0,MARK
25659,1005000,att,1026.36,37.47064881,-21.15577289,0.117761544,0,MARK
25659,1005717,def,1026.36,63.36438604,7.479116451,0.811826649,0,MARK
25659,1006130,att,1026.36,30.72154222,-7.677480332,0.056663833,0,MARK
25659,1006143,def,1026.36,11.01123494,-8.963627241,0.9974408,0,MARK
18026,250267,att,721.04,65.71031224,15.01679486,1.459477248,0,GENERAL_PLAY
18026,270732,def,721.04,19.58864734,-63.97800451,0.084455012,0,GENERAL_PLAY
18026,290073,def,721.04,3.200275495,6.092814422,0.947449006,0,GENERAL_PLAY
18026,290641,att,721.04,9.229691496,31.71004227,1.702473658,0,GENERAL_PLAY
18026,290797,def,721.04,54.73546634,-10.25167049,2.763850688,0,GENERAL_PLAY
18026,291492,def,721.04,12.73943791,31.08371867,1.092781742,0,GENERAL_PLAY
18026,291545,def,721.04,30.58855792,28.84803164,1.77762753,0,GENERAL_PLAY
18026,293651,def,721.04,53.47892203,14.34746074,0.688788625,0,GENERAL_PLAY
18026,293846,att,721.04,45.47348247,8.195640663,1.787922837,0,GENERAL_PLAY
18026,294101,def,721.04,63.99039045,1.520457279,3.479553193,0,GENERAL_PLAY
18026,294596,att,721.04,68.07177504,-6.668324365,1.034215662,0,GENERAL_PLAY
18026,295136,def,721.04,65.72399617,0.379824294,3.384597844,0,GENERAL_PLAY
18026,295467,def,721.04,53.67933019,15.05041448,0.889619706,0,GENERAL_PLAY
18026,295584,att,721.04,37.71669658,-3.291301903,1.393670043,0,GENERAL_PLAY
18026,296351,att,721.04,45.86660658,24.61701481,0.072605553,0,GENERAL_PLAY
18026,296422,att,721.04,28.93970518,31.01298973,1.081790488,0,GENERAL_PLAY
18026,297452,att,721.04,52.15469562,12.33184706,0.834241589,0,GENERAL_PLAY
18026,298277,def,721.04,30.74682047,8.874535108,1.413174959,0,GENERAL_PLAY
18026,298421,att,721.04,50.71085927,10.5198822,1.430524634,1,GENERAL_PLAY
18026,991988,att,721.04,61.28842083,19.37882985,1.422201753,0,GENERAL_PLAY
18026,992000,att,721.04,50.47547131,14.53400061,1.291366259,0,GENERAL_PLAY
18026,992351,def,721.04,64.9778907,16.66883807,0.64205425,0,GENERAL_PLAY
18026,992374,att,721.04,57.96061905,3.476593949,1.389647796,0,GENERAL_PLAY
18026,992468,att,721.04,17.3930356,26.06306428,1.563344987,0,GENERAL_PLAY
18026,993480,att,721.04,-4.419158351,19.19054774,1.582008814,0,GENERAL_PLAY
18026,993834,def,721.04,59.38542213,5.60564563,1.423198446,0,GENERAL_PLAY
18026,993917,att,721.04,26.89146144,10.27959039,1.579656161,0,GENERAL_PLAY
18026,996708,def,721.04,27.19163052,2.612253996,1.53634731,0,GENERAL_PLAY
18026,997501,def,721.04,74.77862317,-5.782898083,2.45206606,0,GENERAL_PLAY
18026,1002404,def,721.04,8.023458929,24.76166691,0.661731254,0,GENERAL_PLAY
18026,1003130,def,721.04,49.39853461,4.550860552,1.584679752,0,GENERAL_PLAY
18026,1004592,def,721.04,56.44191332,15.47783591,1.673036761,0,GENERAL_PLAY
18026,1004985,att,721.04,22.37544501,1.636540051,1.530865253,0,GENERAL_PLAY
18026,1005000,def,721.04,42.63716889,-2.394709359,1.618511734,0,GENERAL_PLAY
18026,1005717,att,721.04,2.141119839,-1.974050564,2.650757079,0,GENERAL_PLAY
18026,1006130,def,721.04,53.20217033,12.19554977,0.564215014,0,GENERAL_PLAY
18026,1006143,att,721.04,50.69885859,-8.262782948,1.061213282,0,GENERAL_PLAY
16994,250267,def,679.76,47.33361428,7.221877803,3.16487048,0,FREE
16994,260113,def,679.76,14.49572816,-24.77325586,2.378734698,0,FREE
16994,270732,att,679.76,23.22092386,19.50503892,0.374565029,0,FREE
16994,290073,att,679.76,58.38645786,6.1054684,1.38764165,0,FREE
16994,290117,def,679.76,39.93633398,18.92939695,1.012318202,0,FREE
16994,290641,def,679.76,57.12266422,-9.213863549,2.017215898,0,FREE
16994,290797,att,679.76,14.13586193,23.06781685,0.364189903,0,FREE
16994,291492,att,679.76,43.41890526,5.787802031,0.14619719,1,FREE
16994,291545,att,679.76,62.78109396,-2.530724961,0.377022503,0,FREE
16994,293846,def,679.76,54.57432811,5.029995272,1.442734673,0,FREE
16994,294101,att,679.76,17.64776734,-10.33286274,0.098965064,0,FREE
16994,294596,def,679.76,19.05756942,23.93456839,0.119718766,0,FREE
16994,295136,att,679.76,20.14684793,-10.89640583,0.550004295,0,FREE
16994,295313,att,679.76,44.27296466,15.15569341,0.457647995,0,FREE
16994,295467,att,679.76,30.15539883,0.130300129,0.146464225,0,FREE
16994,295584,def,679.76,53.21434862,3.230158913,1.011585875,0,FREE
16994,296205,def,679.76,44.99303592,18.83462088,0.85059381,0,FREE
16994,296351,def,679.76,52.20372489,-9.218610967,1.629058043,0,FREE
16994,296422,def,679.76,76.80628346,-1.098184674,1.880869541,0,FREE
16994,297373,att,679.76,40.82804604,-5.081434331,1.451415046,0,FREE
16994,297452,def,679.76,26.17661598,18.82715268,0.066945752,0,FREE
16994,298277,att,679.76,37.18499984,20.20794371,2.315902608,0,FREE
16994,298421,def,679.76,35.48297064,-0.53929032,1.253981924,0,FREE
16994,992000,def,679.76,15.25510613,3.507937609,0.315609723,0,FREE
16994,992351,att,679.76,13.09013005,3.331281588,1.14950994,0,FREE
16994,993480,def,679.76,81.81523128,-2.390111739,1.136783185,0,FREE
16994,993917,def,679.76,63.15974756,-6.558828764,0.139757731,0,FREE
16994,996708,att,679.76,76.6521934,-4.608319684,1.840889483,0,FREE
16994,997501,att,679.76,23.57430348,-12.95772423,1.305946148,0,FREE
16994,1002264,def,679.76,51.20453568,-3.370863543,0.499355005,0,FREE
16994,1002404,att,679.76,34.21282878,-29.34911999,1.419653453,0,FREE
16994,1004985,def,679.76,62.9302141,3.822664071,0.649262087,0,FREE
16994,1005000,att,679.76,61.41568818,4.395621183,0.148492086,0,FREE
16994,1006130,att,679.76,35.01664994,-5.047730888,0.086924522,0,FREE
16994,1006143,def,679.76,25.1998389,-13.14240372,1.249351255,0,FREE
16994,1008280,att,679.76,35.34028922,-16.94933214,3.263738176,0,FREE
37635,250267,att,1505.4,60.05898623,9.107176214,1.025273393,0,MARK
37635,270732,def,1505.4,72.5696622,9.238719876,3.481635668,0,MARK
37635,290117,att,1505.4,52.52716077,-7.111550512,1.085926647,0,MARK
37635,290641,att,1505.4,17.98860165,-31.8983835,1.011124961,0,MARK
37635,290797,def,1505.4,60.35202256,37.81175117,1.103531266,0,MARK
37635,291492,def,1505.4,5.848441143,26.45278666,1.162871392,0,MARK
37635,293651,def,1505.4,66.94779952,-9.423085504,1.779984883,0,MARK
37635,293846,att,1505.4,25.28292006,10.93259286,0.912700679,0,MARK
37635,294101,def,1505.4,68.07227495,16.94936101,3.155436899,0,MARK
37635,294596,att,1505.4,76.02845166,-3.403250412,1.03240885,0,MARK
37635,295136,def,1505.4,54.5756909,-8.190976607,1.203346252,0,MARK
37635,295313,def,1505.4,34.74235824,12.58144392,2.299305803,0,MARK
37635,296205,att,1505.4,36.58530341,0.616161432,0.881074105,0,MARK
37635,296351,att,1505.4,28.74472204,24.52055093,0.097997725,0,MARK
37635,296422,att,1505.4,0.20521821,22.56642781,0.964311859,0,MARK
37635,297373,def,1505.4,65.08358617,-1.173580427,1.452169032,0,MARK
37635,297452,att,1505.4,65.35713842,16.23115138,1.266063823,0,MARK
37635,298277,def,1505.4,42.18533302,28.28064316,1.254104629,0,MARK
37635,298421,att,1505.4,67.8567753,-6.963345769,0.451858447,0,MARK
37635,991988,att,1505.4,38.41556982,7.660741255,0.020940465,0,MARK
37635,992000,att,1505.4,55.36944658,43.72963315,1.191238419,1,MARK
37635,992351,def,1505.4,56.8760982,18.52660537,0.990310569,0,MARK
37635,992374,att,1505.4,45.5844056,31.54975335,0.2070274,0,MARK
37635,992468,att,1505.4,79.15620834,-0.821068131,1.481740957,0,MARK
37635,993834,def,1505.4,79.86082965,1.33677769,3.015154245,0,MARK
37635,993917,att,1505.4,30.86801082,-16.07858917,0.070447409,0,MARK
37635,996708,def,1505.4,38.58771257,-12.42036432,0.119432703,0,MARK
37635,997501,def,1505.4,79.21946913,0.395456424,2.309990665,0,MARK
37635,1002404,def,1505.4,16.96173569,-26.67127542,0.77749004,0,MARK
37635,1003130,def,1505.4,25.0383833,14.8846464,0.839334705,0,MARK
37635,1004592,def,1505.4,73.78996446,-4.494585335,0.653710359,0,MARK
37635,1004985,att,1505.4,14.02377449,-5.558126593,1.234613801,0,MARK
37635,1005717,att,1505.4,14.53209632,20.00767477,0.810699753,0,MARK
37635,1006130,def,1505.4,48.93633209,11.02138967,0.074305926,0,MARK
37635,1006143,att,1505.4,67.67297407,-3.571789512,0.167203777,0,MARK
37635,1008280,def,1505.4,62.05969436,2.193440849,2.132588434,0,MARK
12491,250267,def,499.64,13.76063406,-8.809517523,1.514034409,0,GENERAL_PLAY
12491,260113,def,499.64,-9.713721821,3.16096564,1.092426121,0,GENERAL_PLAY
12491,270732,att,499.64,-35.13634724,0.868534409,1.164253082,0,GENERAL_PLAY
12491,290073,att,499.64,55.47050838,4.415177605,4.172897698,0,GENERAL_PLAY
12491,290117,def,499.64,12.895933,-12.88710552,0.973878265,0,GENERAL_PLAY
12491,290641,def,499.64,40.85588012,-19.22823657,3.224331141,0,GENERAL_PLAY
12491,290797,att,499.64,-11.00274601,-19.13267672,1.270975437,0,GENERAL_PLAY
12491,291492,att,499.64,22.55212884,-4.290807835,1.904472045,0,GENERAL_PLAY
12491,291545,att,499.64,32.84687357,-18.6616059,2.672425809,0,GENERAL_PLAY
12491,293846,def,499.64,11.73644935,-31.43995278,1.210627986,0,GENERAL_PLAY
12491,294101,att,499.64,-15.11539683,-6.216369626,1.031136599,0,GENERAL_PLAY
12491,294596,def,499.64,-40.10607826,12.89517457,1.774982489,0,GENERAL_PLAY
12491,295136,att,499.64,33.69002564,-29.65253149,2.825273432,0,GENERAL_PLAY
12491,295313,att,499.64,-7.406979429,22.18236041,3.03623168,0,GENERAL_PLAY
12491,295467,att,499.64,8.952765562,-10.96419758,2.485685632,0,GENERAL_PLAY
12491,295584,def,499.64,35.33593597,-21.0696183,1.787274417,0,GENERAL_PLAY
12491,296205,def,499.64,33.65222991,17.74804073,1.959796735,0,GENERAL_PLAY
12491,296351,def,499.64,20.13219606,23.99236647,3.049169593,0,GENERAL_PLAY
12491,296422,def,499.64,76.59889566,-19.19149015,3.47619272,0,GENERAL_PLAY
12491,297373,att,499.64,12.57205164,15.63989818,3.534990897,0,GENERAL_PLAY
12491,297452,def,499.64,-24.8000101,-35.35903925,1.371231522,0,GENERAL_PLAY
12491,298421,def,499.64,-12.65715175,16.59696676,3.561824811,0,GENERAL_PLAY
12491,992351,att,499.64,-26.22632776,-31.74691584,1.67730867,0,GENERAL_PLAY
12491,992374,def,499.64,-34.02363536,-3.073582851,1.459608562,0,GENERAL_PLAY
12491,993480,def,499.64,58.57403345,-14.78884972,1.135416755,0,GENERAL_PLAY
12491,993834,att,499.64,-5.402456552,-19.71169989,1.553316012,0,GENERAL_PLAY
12491,993917,def,499.64,50.39507982,-10.54759001,2.171449574,0,GENERAL_PLAY
12491,996708,att,499.64,75.56110235,-25.05393526,3.328844635,1,GENERAL_PLAY
12491,997501,att,499.64,-26.05911358,8.787137572,2.867498922,0,GENERAL_PLAY
12491,1002264,def,499.64,55.18689513,-22.26013742,4.080625654,0,GENERAL_PLAY
12491,1002404,att,499.64,67.36124864,-11.5273074,2.315879859,0,GENERAL_PLAY
12491,1004592,att,499.64,58.64101416,-24.08100914,2.680895697,0,GENERAL_PLAY
12491,1005000,att,499.64,-15.52256118,3.730687122,2.907229624,0,GENERAL_PLAY
12491,1005717,def,499.64,63.08993387,5.604554981,5.28538765,0,GENERAL_PLAY
12491,1006143,def,499.64,-14.6965134,-26.03924558,1.482380682,0,GENERAL_PLAY
12491,1008280,att,499.64,18.09171024,-30.80433132,1.509548396,0,GENERAL_PLAY
